artist,n_docs,entropy,normalized_entropy,dominant_topic,dominant_ratio,n_significant_topics,top_3_topics,top_3_ratios,gini_coefficient,classification
JuL,2878,2.5530222074847697,0.8522197494157209,10,0.1719944405837387,10,"10,2,1","0.172,0.166,0.103",0.5028144544797657,generalist
La Fouine,1191,2.7922188133579073,0.9320655380346639,1,0.11922753988245172,11,"1,12,4","0.119,0.079,0.076",0.32565071368435017,generalist
Rohff,1095,2.7268326701405403,0.9102391072168672,3,0.16529680365296803,6,"3,12,4","0.165,0.116,0.107",0.390913242007178,generalist
Sexion d’Assaut,1023,2.6026487824075555,0.8687855070973681,3,0.16324535679374388,8,"3,4,6","0.163,0.136,0.109",0.4838220918841891,generalist
Alkpote,889,2.106375972260993,0.7031255732883269,4,0.45556805399325084,5,"4,12,3","0.456,0.097,0.067",0.6383014623140187,moderate
Naps,854,2.1906975210471638,0.7312727977684824,2,0.3864168618266979,6,"2,13,1","0.386,0.118,0.087",0.6358313817298421,moderate
Disiz,849,2.6766101374936313,0.8934744139596398,3,0.1967020023557126,8,"3,6,0","0.197,0.112,0.090",0.4263250883370912,generalist
Swift Guad,797,2.7026863760666466,0.9021788762386003,16,0.1191969887076537,10,"16,3,7","0.119,0.112,0.097",0.41223337515477715,generalist
IAM,745,2.4758799737422645,0.8264690391725162,7,0.2,7,"7,6,3","0.200,0.165,0.129",0.5525503355677073,generalist
Sinik,744,2.608505007060482,0.8707403629116292,6,0.1693548387096774,9,"6,9,12","0.169,0.113,0.106",0.4797043010728703,generalist
Lacrim,732,2.7257205248651792,0.9098678640035871,10,0.1366120218579235,9,"10,11,1","0.137,0.109,0.109",0.3995901639324282,generalist
Sadek,721,2.739818131144771,0.9145737605898889,1,0.13730929264909847,6,"1,8,2","0.137,0.115,0.101",0.3910540915375734,generalist
Niro,713,2.691891101912399,0.8985753251971581,10,0.14446002805049088,10,"10,12,1","0.144,0.093,0.090",0.41816269284503405,generalist
Mac Tyer,704,2.806158020462054,0.9367185596772187,6,0.11363636363636363,7,"6,11,1","0.114,0.105,0.094",0.33124999999834376,generalist
Gims,703,2.6389035003608576,0.8808876292640767,5,0.25889046941678523,6,"5,0,4","0.259,0.101,0.058",0.4107396870534229,generalist
Booba,676,2.683211458184711,0.895677988941742,12,0.15384615384615385,7,"12,1,18","0.154,0.133,0.098",0.42736686390318873,generalist
Alonzo,666,2.7343446833051295,0.9127466788149383,2,0.15015015015015015,7,"2,1,14","0.150,0.144,0.086",0.3839339339320143,generalist
Vald,659,2.725699751870066,0.9098609298074652,4,0.16236722306525037,8,"4,16,17","0.162,0.114,0.083",0.39673748102988304,generalist
Jorrdee,656,2.584242710220256,0.8626414092586573,18,0.21036585365853658,7,"18,13,4","0.210,0.111,0.102",0.4897865853634048,generalist
A2H,649,2.6074581188470676,0.8703909030407802,15,0.19106317411402157,8,"15,2,13","0.191,0.116,0.114",0.4777349768851307,generalist
Kaaris,637,2.4993291967489917,0.8342965821120955,1,0.2370486656200942,6,"1,2,4","0.237,0.143,0.137",0.5272370486629839,generalist
Kekra,634,2.640240322897032,0.8813338715895261,4,0.1498422712933754,6,"4,8,3","0.150,0.139,0.114",0.45410094636996917,generalist
3010,623,2.730463077627913,0.9114509670080179,18,0.16051364365971107,8,"18,10,4","0.161,0.103,0.082",0.39365971107347303,generalist
Seth Gueko,613,2.3680118800343894,0.7904617848994548,4,0.233278955954323,5,"4,12,1","0.233,0.181,0.166",0.588336052199342,generalist
Guizmo,594,2.8072115180431676,0.9370702258092071,11,0.13636363636363635,9,"11,1,12","0.136,0.099,0.069",0.32306397306235773,generalist
Lucio Bukowski,590,1.7827872682975943,0.5951090102529697,7,0.511864406779661,5,"7,16,0","0.512,0.105,0.083",0.7525423728775934,specialist
Jarod,583,2.744230689454781,0.9160467087398166,1,0.1423670668953688,6,"1,4,14","0.142,0.127,0.098",0.38361921097578355,generalist
VII,580,1.488093130368349,0.49673769031534576,7,0.6051724137931035,3,"7,6,0","0.605,0.131,0.078",0.8106896551683603,specialist
Georgio,576,2.140282263157568,0.7144437712447653,0,0.3836805555555556,6,"0,9,5","0.384,0.127,0.085",0.6635416666633491,moderate
Djadja & Dinaz,568,2.5042918685953595,0.8359531626717729,10,0.198943661971831,9,"10,8,1","0.199,0.120,0.100",0.5205985915466929,generalist
Hamza,561,2.454068946529223,0.8191883394232139,2,0.1889483065953654,7,"2,8,13","0.189,0.157,0.139",0.5581996434909702,generalist
Dinos,557,2.8088097387247943,0.937603724979255,0,0.13644524236983843,6,"0,5,9","0.136,0.122,0.088",0.31193895870580124,generalist
Ol’ Kainry,557,2.744043022583161,0.915984063999071,3,0.17235188509874327,8,"3,4,1","0.172,0.118,0.077",0.36759425493532544,generalist
Hayce Lemsi,555,2.7379254733655434,0.9139419759020728,4,0.12792792792792793,8,"4,2,1","0.128,0.124,0.108",0.3824324324305205,generalist
Kery James,555,2.341938423757485,0.7817582513737529,6,0.25225225225225223,7,"6,0,7","0.252,0.123,0.110",0.6036936936906752,generalist
Soprano,549,2.6587617807214046,0.8875164861001344,0,0.11839708561020036,8,"0,6,3","0.118,0.107,0.107",0.44016393442402885,generalist
Ninho,545,2.456084510882703,0.8198611513334347,1,0.21100917431192662,5,"1,8,2","0.211,0.183,0.136",0.5501834862357814,generalist
Oxmo Puccino,542,2.7810768455115507,0.9283462577956663,0,0.13284132841328414,9,"0,9,7","0.133,0.103,0.087",0.354981549813723,generalist
Jok’Air,541,2.653062364038691,0.8856139740722648,5,0.14048059149722736,8,"5,15,18","0.140,0.135,0.109",0.44445471349130833,generalist
Médine,539,2.2985402904167582,0.7672715985697487,6,0.3320964749536178,5,"6,7,3","0.332,0.124,0.109",0.6091836734663422,moderate
Dosseh,535,2.786919849097656,0.9302967003094005,4,0.12149532710280374,11,"4,1,2","0.121,0.103,0.101",0.34196261682072,generalist
Mister You,535,2.712903151808998,0.9055893197660624,12,0.15514018691588785,6,"12,1,11","0.155,0.123,0.097",0.4083177570073042,generalist
PLK,511,2.6616250959210093,0.8884722841949381,2,0.15459882583170254,9,"2,8,1","0.155,0.133,0.108",0.4312133072385483,generalist
Black M,501,2.6835279246733146,0.8957836280508831,5,0.1377245508982036,6,"5,18,15","0.138,0.120,0.110",0.4324351297383571,generalist
Leto,500,2.434195071093286,0.8125542768231006,1,0.204,8,"1,8,2","0.204,0.150,0.134",0.56799999999716,generalist
Hooss,486,2.6040879884482138,0.8692659258762301,2,0.1748971193415638,6,"2,1,8","0.175,0.154,0.128",0.4742798353885752,generalist
Youssoupha,484,2.489920299860968,0.8311558151713765,3,0.18181818181818182,6,"3,6,12","0.182,0.165,0.126",0.543801652889843,generalist
Lord Esperanza,471,2.433118723347289,0.8121949831186869,0,0.27176220806794055,6,"0,7,5","0.272,0.149,0.091",0.5606157112498509,generalist
KIK,469,2.573791686648663,0.8591527718847993,5,0.17484008528784648,7,"5,4,0","0.175,0.151,0.109",0.49221748400606763,generalist
Beeby,469,2.7646350840592313,0.9228578629890056,18,0.14498933901918976,7,"18,4,8","0.145,0.130,0.081",0.359168443495006,generalist
Nekfeu,465,2.7746507617495624,0.9262011783375594,0,0.15268817204301074,9,"0,5,9","0.153,0.086,0.080",0.34806451612729195,generalist
Akhenaton,464,2.350106432402263,0.7844847996427302,7,0.21336206896551724,5,"7,6,3","0.213,0.188,0.149",0.6060344827555908,generalist
GLK,462,2.4430804905238657,0.8155203026956458,1,0.23376623376623376,5,"1,8,2","0.234,0.143,0.134",0.5556277056249276,generalist
YL,461,2.7342178945387055,0.9127043556849499,10,0.13449023861171366,8,"10,8,1","0.134,0.102,0.095",0.3831887201716198,generalist
RK,460,2.5725433309266514,0.8587360605074069,10,0.17173913043478262,8,"10,1,2","0.172,0.146,0.100",0.49152173912797736,generalist
Luv Resval,459,2.5294327595202315,0.8443453982352821,18,0.17647058823529413,8,"18,2,8","0.176,0.144,0.102",0.5240740740714537,generalist
13 Block,450,2.365655935057917,0.7896753511459214,1,0.26222222222222225,7,"1,8,18","0.262,0.129,0.107",0.5966666666636836,generalist
Sofiane,448,2.6713648798470424,0.8917235039424485,1,0.22098214285714285,9,"1,12,10","0.221,0.100,0.069",0.4138392857122166,generalist
Elams,447,2.5058968357896783,0.8364889138830836,1,0.2371364653243848,8,"1,10,2","0.237,0.096,0.094",0.5151006711383643,generalist
Hornet La Frappe,444,2.691186451352084,0.8983401070615002,2,0.1463963963963964,9,"2,11,1","0.146,0.110,0.101",0.4249999999978753,generalist
Scylla,441,2.306609181302922,0.769965060518066,0,0.2811791383219955,8,"0,7,14","0.281,0.184,0.070",0.6046485260740744,generalist
Rim’K,441,2.632684563096176,0.8788116970055163,2,0.17913832199546487,5,"2,12,11","0.179,0.125,0.113",0.4581632653038318,generalist
SCH,440,2.627450173507313,0.8770644148351194,2,0.16136363636363638,8,"2,1,10","0.161,0.157,0.089",0.4645454545431318,generalist
Keny Arkana,437,1.8034936177247038,0.602020959498202,7,0.36384439359267734,4,"7,6,0","0.364,0.284,0.096",0.7683066361517648,moderate
Freeze Corleone,437,1.0925994657171079,0.36471866173171114,18,0.7734553775743707,1,"18,3,2","0.773,0.048,0.030",0.8358123569752259,specialist
Bigflo & Oli,434,2.631951623044092,0.8785670356055124,3,0.16359447004608296,8,"3,0,5","0.164,0.154,0.104",0.45161290322354836,generalist
Demi Portion,433,2.451865402033065,0.8184527781997992,3,0.19168591224018475,6,"3,6,7","0.192,0.157,0.134",0.557621247110376,generalist
Lefa,432,2.771214639773553,0.9250541726433781,5,0.1712962962962963,8,"5,15,0","0.171,0.088,0.076",0.3483796296278877,generalist
​DA Uzi,419,2.5439197191610448,0.849181264166528,10,0.17422434367541767,7,"10,14,9","0.174,0.129,0.126",0.513484486870941,generalist
Niska,418,2.4065055043787886,0.8033112723801008,1,0.2607655502392344,5,"1,2,8","0.261,0.129,0.124",0.5703349282268133,generalist
Busta Flex,417,2.3237085479296895,0.7756729693247771,3,0.4028776978417266,3,"3,4,18","0.403,0.077,0.050",0.5320143884865486,moderate
Lartiste,414,2.7541465677463397,0.9193567102306357,5,0.13285024154589373,10,"5,15,10","0.133,0.128,0.082",0.37463768115754714,generalist
Maes,401,2.3314805373158487,0.7782673231175942,1,0.20698254364089774,5,"1,2,8","0.207,0.172,0.165",0.6113466334134025,generalist
Hatik,396,2.59779918236411,0.8671666708327735,5,0.1691919191919192,9,"5,2,0","0.169,0.116,0.106",0.4823232323208208,generalist
Grems,394,2.644544698820164,0.8827707075715432,4,0.20050761421319796,7,"4,3,16","0.201,0.124,0.096",0.444923857865796,generalist
La Fève,393,2.538245384115017,0.8472871245946709,2,0.15267175572519084,6,"2,13,10","0.153,0.153,0.127",0.5064885496157882,generalist
Canardo,389,2.792012523613807,0.9319966768263639,0,0.13881748071979436,7,"0,5,4","0.139,0.118,0.082",0.33560411310886196,generalist
Sultan,386,2.7826206520810226,0.9288615930888433,4,0.11398963730569948,9,"4,3,5","0.114,0.101,0.088",0.3492227979257155,generalist
Naza,382,2.5462355808615262,0.8499543177938249,8,0.12827225130890052,8,"8,1,2","0.128,0.120,0.118",0.4989528795786572,generalist
L’Algérino,380,2.652774944179037,0.8855180309660696,2,0.13421052631578947,8,"2,9,5","0.134,0.103,0.103",0.43342105262941216,generalist
Sniper,379,2.5562298592916015,0.8532904898938165,6,0.23746701846965698,8,"6,3,14","0.237,0.111,0.084",0.4977572559341865,generalist
S-Crew,378,2.7834937641545263,0.929153045059105,3,0.14814814814814814,7,"3,16,4","0.148,0.103,0.095",0.34523809523636934,generalist
Timal,372,1.9911075121243071,0.664648016013178,2,0.3467741935483871,4,"2,1,8","0.347,0.226,0.148",0.7169354838673834,moderate
Rockin’ Squat,370,2.333114222526377,0.7788126606382232,6,0.24324324324324326,4,"6,3,7","0.243,0.224,0.132",0.5940540540510837,generalist
Lomepal,370,2.5399592455386535,0.8478592255927362,0,0.22432432432432434,6,"0,5,17","0.224,0.138,0.114",0.5051351351326098,generalist
Diam’s,369,2.600970458251636,0.8682252687306972,0,0.14092140921409213,9,"0,6,5","0.141,0.133,0.133",0.4822493224908139,generalist
Koba LaD,367,2.2482588448998806,0.7504872397133993,8,0.28065395095367845,5,"8,2,1","0.281,0.232,0.104",0.6303814713864939,generalist
Josman,367,2.681054452648032,0.8949579628046533,0,0.15803814713896458,7,"0,2,17","0.158,0.106,0.095",0.4325613078997447,generalist
MZ,367,2.700502161117363,0.9014497673764481,18,0.1989100817438692,6,"18,4,1","0.199,0.101,0.087",0.3987738419598588,generalist
Ateyaba,362,2.220808705167373,0.7413241579604554,18,0.356353591160221,5,"18,2,4","0.356,0.144,0.094",0.6364640883946076,moderate
Maska,356,2.533705242218291,0.8457715879972233,5,0.21910112359550563,9,"5,15,0","0.219,0.112,0.096",0.4955056179750505,generalist
Svinkels,354,2.4103810738922262,0.8046049692660511,4,0.268361581920904,7,"4,13,3","0.268,0.127,0.105",0.5748587570592725,generalist
Dadju,353,1.7885409515608832,0.5970296369104591,5,0.5014164305949008,4,"5,15,14","0.501,0.184,0.062",0.744334277616675,specialist
Les Sages Poètes de la Rue,351,2.5464534185109446,0.8500270337876209,3,0.2849002849002849,6,"3,16,6","0.285,0.091,0.077",0.47250712250476007,generalist
So La Lune,350,2.4220554618060057,0.8085019756897692,17,0.29428571428571426,4,"17,0,2","0.294,0.149,0.097",0.5488571428543987,generalist
Despo Rutti,350,2.7242354233552692,0.9093721249407141,6,0.16285714285714287,7,"6,12,18","0.163,0.109,0.086",0.37942857142667424,generalist
Krisy,350,2.4760881921313356,0.8265385441783237,15,0.21428571428571427,7,"15,5,14","0.214,0.174,0.083",0.5434285714258545,generalist
Fababy,346,2.710687384657563,0.904849678520082,5,0.12716763005780346,8,"5,12,6","0.127,0.116,0.104",0.4092485549112485,generalist
Gradur,344,2.588852697206311,0.8641802607197012,18,0.2238372093023256,6,"18,1,2","0.224,0.113,0.105",0.4784883720906312,generalist
Damso,343,2.772368725158426,0.9254394158091513,18,0.1282798833819242,11,"18,5,2","0.128,0.090,0.085",0.3430029154501798,generalist
Still Fresh,341,2.680130919436985,0.8946496798451913,5,0.21700879765395895,5,"5,15,14","0.217,0.126,0.082",0.3989736070361284,generalist
Sneazzy,340,2.7373674242439443,0.9137556945288923,5,0.12058823529411765,10,"5,4,15","0.121,0.112,0.088",0.37352941176283816,generalist
Salif,339,2.5653797311647293,0.8563447921603781,11,0.1504424778761062,8,"11,12,3","0.150,0.130,0.118",0.5033923303809639,generalist
Psy 4 de la Rime,337,2.660419321378711,0.8880697867645292,6,0.18991097922848665,8,"6,12,9","0.190,0.098,0.098",0.4416913946565453,generalist
Roshi,330,2.4789161071665027,0.8274825254079322,1,0.21515151515151515,6,"1,2,8","0.215,0.179,0.112",0.5433333333306165,generalist
Zikxo,329,2.705876124959382,0.9032436405771542,4,0.12462006079027356,10,"4,1,0","0.125,0.100,0.094",0.3873860182351454,generalist
OrelSan,328,2.6678561766484066,0.890552270040938,0,0.12195121951219512,10,"0,5,17","0.122,0.113,0.085",0.41737804877840123,generalist
Franglish,326,1.805712394440151,0.6027616053613302,5,0.4723926380368098,3,"5,15,13","0.472,0.212,0.064",0.7438650306711275,moderate
La Rumeur,325,1.9670725391121655,0.6566249449182341,6,0.35384615384615387,4,"6,7,16","0.354,0.222,0.129",0.728769230765587,moderate
Lacraps,324,2.4215320957699555,0.8083272718149702,9,0.14814814814814814,7,"9,16,3","0.148,0.145,0.139",0.5648148148119905,generalist
Tsew The Kid,323,1.6968195504877968,0.566412281052997,5,0.3993808049535604,4,"5,0,15","0.399,0.282,0.108",0.7924148606771524,moderate
Kamikaz,322,2.5622448544837044,0.8552983446160835,1,0.18944099378881987,9,"1,10,12","0.189,0.165,0.081",0.4885093167677441,generalist
Black Kent,319,2.511240090569819,0.8382725361470991,18,0.2946708463949843,7,"18,3,9","0.295,0.091,0.072",0.49482758620442235,generalist
Nessbeal,319,2.5754713805346032,0.8597134674785839,7,0.15987460815047022,9,"7,6,0","0.160,0.154,0.129",0.4854231974897358,generalist
MC Solaar,317,2.6777933125097575,0.8938693674828806,7,0.1608832807570978,9,"7,6,3","0.161,0.107,0.104",0.4298107255499017,generalist
Benab,317,2.5561531736923007,0.8532648916118947,2,0.1608832807570978,10,"2,1,17","0.161,0.136,0.088",0.48154574132251343,generalist
DTF,315,2.4549147149686377,0.8194706638641799,17,0.2126984126984127,8,"17,2,0","0.213,0.133,0.108",0.5525396825369202,generalist
Retro X,313,1.8905037004808187,0.6310656386653729,18,0.48881789137380194,4,"18,2,8","0.489,0.137,0.058",0.7190095846609417,moderate
Neg’ Marrons,308,2.588443347020698,0.8640436162707873,3,0.18831168831168832,6,"3,6,0","0.188,0.143,0.107",0.48603896103653116,generalist
H Magnum,308,2.7907707745128856,0.9315821707932702,5,0.11688311688311688,8,"5,4,3","0.117,0.110,0.107",0.34383116882944986,generalist
Furax Barbarossa,307,2.591114621626866,0.8649353096406355,7,0.1758957654723127,6,"7,6,0","0.176,0.124,0.114",0.4828990227988883,generalist
D. Ace,306,2.581502782979154,0.8617267990762688,3,0.16666666666666666,8,"3,4,5","0.167,0.124,0.118",0.48823529411520594,generalist
Green Money,306,2.660266015149508,0.8880186118880036,8,0.20915032679738563,8,"8,18,2","0.209,0.124,0.075",0.4313725490174509,generalist
TiTo Prince,305,2.814446579439904,0.9394853486359719,9,0.12459016393442623,8,"9,3,6","0.125,0.105,0.092",0.31721311475251235,generalist
Aladin 135,305,2.7600103049046023,0.9213140737807857,5,0.11147540983606558,9,"5,17,0","0.111,0.108,0.092",0.37098360655552226,generalist
Youv Dee,303,2.6482230006433496,0.8839985548847551,8,0.16831683168316833,9,"8,18,4","0.168,0.096,0.096",0.44570957095486696,generalist
Alpha 5.20,302,1.946628112683421,0.6498004277178068,12,0.39072847682119205,4,"12,18,6","0.391,0.199,0.129",0.7264900662215331,moderate
Nakk Mendosa,300,2.7209594387281726,0.9082785744068373,3,0.17,8,"3,6,4","0.170,0.090,0.083",0.39499999999802515,generalist
Kalash Criminel,300,2.5296106268285876,0.844404771801447,1,0.21,7,"1,12,10","0.210,0.147,0.093",0.5186666666640735,generalist
S.Pri Noir,298,2.754034475291575,0.919319292849999,1,0.14093959731543623,10,"1,15,2","0.141,0.094,0.084",0.37214765100485075,generalist
Mystik,298,2.2833450057781626,0.7621992879454856,3,0.21140939597315436,5,"6,3,7","0.211,0.211,0.141",0.6288590603995404,generalist
KeBlack,296,2.4370283609635077,0.8135000522167276,5,0.24324324324324326,6,"5,15,0","0.243,0.169,0.098",0.5604729729701706,generalist
Sam’s,296,2.822264035417875,0.9420948795499934,9,0.11486486486486487,9,"9,0,3","0.115,0.095,0.091",0.31452702702545415,generalist
Sopico,294,2.735467018885631,0.9131213236356419,0,0.13945578231292516,8,"0,5,2","0.139,0.119,0.095",0.38571428571235705,generalist
Bolémvn,292,2.4879471377288693,0.8304971574703803,2,0.2089041095890411,7,"2,8,1","0.209,0.127,0.127",0.5424657534219453,generalist
Lujipeka,290,2.325525309586419,0.7762794192645023,0,0.25862068965517243,7,"0,5,17","0.259,0.197,0.097",0.6024137931004361,generalist
TSR Crew,290,2.3364753225144024,0.779934623377583,3,0.2517241379310345,6,"3,6,11","0.252,0.155,0.114",0.6068965517211037,generalist
ISK,289,2.539916521146525,0.8478449638402739,1,0.17647058823529413,9,"1,11,10","0.176,0.125,0.121",0.5077854671254889,generalist
Bekar,288,2.5791244154489528,0.8609328804904202,0,0.2569444444444444,5,"0,5,17","0.257,0.111,0.083",0.4562499999977188,generalist
Grand Corps Malade,286,2.1936647154037736,0.7322632715777757,0,0.27972027972027974,7,"0,7,5","0.280,0.182,0.119",0.6618881118848027,generalist
Lonepsi,286,1.3648372086040987,0.45559385284617654,0,0.5769230769230769,3,"0,5,7","0.577,0.227,0.059",0.8423076923034808,specialist
Ridsa,285,1.8793629476443159,0.6273467640066284,5,0.43859649122807015,5,"5,15,0","0.439,0.165,0.095",0.7440350877155782,moderate
El Matador,285,2.6307887775542813,0.8781788682448721,6,0.17894736842105263,5,"6,12,1","0.179,0.158,0.095",0.4584210526292872,generalist
La Caution,285,2.614489276216289,0.8727379610310056,16,0.16842105263157894,8,"16,3,7","0.168,0.119,0.109",0.46964912280466914,generalist
Davodka,284,2.4123403722628263,0.8052589991297664,0,0.15140845070422534,7,"0,3,7","0.151,0.134,0.127",0.5619718309831058,generalist
Therapie TAXI,284,1.7842246640436423,0.5955888247406451,5,0.4154929577464789,5,"5,15,0","0.415,0.183,0.127",0.7735915492919069,moderate
Zamdane,281,2.4749715857565513,0.826165811813472,0,0.2099644128113879,6,"0,9,14","0.210,0.164,0.121",0.5489323843388925,generalist
Roméo Elvis,280,2.7438958455495905,0.9159349350983111,0,0.13214285714285715,9,"0,5,16","0.132,0.111,0.082",0.37678571428383034,generalist
Soso Maness,279,2.369192557536055,0.7908559047318873,1,0.33691756272401435,5,"1,8,11","0.337,0.111,0.079",0.5679211469505657,moderate
Sefyu,279,2.5421739457163723,0.8485985106741402,6,0.21505376344086022,7,"6,12,1","0.215,0.118,0.118",0.5091397849436909,generalist
113,279,2.430079528961812,0.8111804751093074,6,0.17562724014336917,7,"6,12,11","0.176,0.165,0.125",0.5682795698896315,generalist
Zkr,277,2.601897196512157,0.8685346215619572,10,0.20577617328519857,9,"10,1,11","0.206,0.094,0.083",0.4648014440409974,generalist
Dooz Kawa,275,2.338725296677137,0.7806856832044564,7,0.2727272727272727,5,"7,0,6","0.273,0.189,0.102",0.6009090909060864,generalist
4Keus,274,2.577639770568943,0.8604372938543525,2,0.16058394160583941,6,"2,8,1","0.161,0.157,0.135",0.49014598539900917,generalist
404Billy,274,2.8186850129998766,0.9409001725163931,18,0.11313868613138686,9,"18,4,10","0.113,0.102,0.084",0.30255474452403514,generalist
Soolking,273,2.61353445702463,0.8724192345546486,5,0.12087912087912088,8,"5,13,10","0.121,0.114,0.110",0.4598901098878104,generalist
Mister V,273,2.6242409242635967,0.8759931411194917,2,0.19047619047619047,8,"2,4,8","0.190,0.121,0.099",0.4584249084226163,generalist
Hyacinthe,272,2.0265737578194205,0.6764869396740825,0,0.4338235294117647,6,"0,5,7","0.434,0.125,0.077",0.6900735294083142,moderate
Kofs,271,2.2424664518501065,0.748553691411734,1,0.25461254612546125,5,"1,10,14","0.255,0.240,0.125",0.6322878228750672,generalist
Abou Debeing,269,2.4254916038334255,0.8096489880772758,5,0.22304832713754646,7,"5,15,13","0.223,0.156,0.138",0.5674721189562703,generalist
Vegedream,265,2.2053402353114646,0.7361606558703446,5,0.39245283018867927,4,"5,15,14","0.392,0.125,0.075",0.6201886792421824,moderate
Dry,265,2.74201064805206,0.9153056407137051,0,0.10943396226415095,8,"0,11,9","0.109,0.109,0.106",0.3832075471678951,generalist
Deen Burbigo,264,2.7640383085928315,0.9226586544443476,2,0.10227272727272728,9,"2,3,11","0.102,0.102,0.102",0.3640151515133315,generalist
Hippocampe Fou,264,2.482803224582117,0.8287800770783299,7,0.1590909090909091,7,"7,16,4","0.159,0.152,0.117",0.5435606060578883,generalist
Dabs,264,2.5811201740745564,0.8615990810862552,2,0.1590909090909091,9,"2,10,1","0.159,0.136,0.110",0.49393939393692426,generalist
Butter Bullets,262,2.537988746245396,0.8472014567691825,4,0.22519083969465647,7,"4,3,15","0.225,0.168,0.080",0.5049618320585437,generalist
Elh Kmer,260,2.62660101131088,0.8767809575302298,1,0.13846153846153847,8,"1,2,8","0.138,0.131,0.112",0.46461538461306173,generalist
Stupeflip,257,2.5794735601082914,0.8610494278409364,3,0.19066147859922178,7,"3,4,7","0.191,0.187,0.082",0.4729571984412149,generalist
Mysa,255,1.992881759619778,0.6652402743772294,6,0.34901960784313724,6,"6,7,9","0.349,0.220,0.090",0.7198039215650286,moderate
Alrima,255,2.511026530371977,0.8382012480017174,15,0.14901960784313725,7,"15,2,10","0.149,0.141,0.122",0.5256862745071754,generalist
Yaro,254,2.671640773115572,0.8918155993780004,1,0.14173228346456693,7,"1,8,2","0.142,0.122,0.114",0.4397637795253605,generalist
Barack,254,2.5517880288754546,0.8518077704748087,5,0.23228346456692914,9,"5,10,15","0.232,0.098,0.094",0.4948818897613049,generalist
Scred Connexion,252,2.4731586645189356,0.8255606438371412,6,0.1746031746031746,7,"6,9,0","0.175,0.175,0.103",0.5420634920607816,generalist
Laylow,252,2.567580597771367,0.8570794594823103,2,0.17857142857142858,9,"2,13,5","0.179,0.139,0.107",0.5003968253943235,generalist
Fonky Family,252,2.3536782792037982,0.78567711139671,6,0.21428571428571427,7,"6,12,11","0.214,0.151,0.115",0.5992063492033534,generalist
Zola,248,2.142505646421903,0.715185954811689,2,0.2620967741935484,5,"2,8,1","0.262,0.230,0.169",0.6758064516095242,generalist
Alpha Wann,245,2.6033098252901135,0.8690061686325773,18,0.17551020408163265,7,"18,3,4","0.176,0.118,0.106",0.47734693877312345,generalist
Mafia K’1 Fry,245,2.3200896932139905,0.7744649659435517,12,0.23673469387755103,6,"12,6,3","0.237,0.159,0.159",0.6165306122418153,generalist
Hugo TSR,243,2.561131914530253,0.8549268361327399,3,0.16872427983539096,9,"3,11,0","0.169,0.123,0.099",0.49609053497694344,generalist
TLF,242,2.8272370157185263,0.9437549011562472,3,0.10743801652892562,7,"3,6,11","0.107,0.103,0.083",0.3078512396678825,generalist
Kalash,242,2.7967889228371163,0.9335910780568993,5,0.13636363636363635,7,"5,15,10","0.136,0.091,0.091",0.32396694214714034,generalist
Jeff Le Nerf,238,2.5686391491747993,0.8574328126216335,3,0.23109243697478993,8,"3,6,11","0.231,0.122,0.101",0.48487394957740765,generalist
Nahir,238,2.545489373682266,0.8497052277179701,1,0.2184873949579832,6,"1,8,2","0.218,0.109,0.109",0.5046218487369727,generalist
Fabe,234,2.4757728997054977,0.826433296980962,6,0.20085470085470086,7,"6,9,3","0.201,0.171,0.103",0.5448717948690706,generalist
Landy,233,2.293755714987279,0.7656744680545432,8,0.21888412017167383,4,"8,2,1","0.219,0.202,0.133",0.6195278969926107,generalist
Saïan Supa Crew,231,2.658306774610707,0.8873646013290172,3,0.13852813852813853,6,"3,6,4","0.139,0.126,0.121",0.44480519480297076,generalist
Youri,231,2.3794907365325884,0.7942935213331586,2,0.24242424242424243,5,"2,4,13","0.242,0.177,0.143",0.5859307359278065,generalist
ASHE 22,231,2.0073510302505904,0.6700702355718747,1,0.2987012987012987,5,"1,2,8","0.299,0.251,0.147",0.7175324675288798,generalist
PSO Thug,228,2.236707086673948,0.7466311680851332,1,0.3026315789473684,5,"1,8,18","0.303,0.140,0.123",0.6390350877161028,moderate
Lorenzo,224,2.4791784913459893,0.8275701113987776,2,0.23660714285714285,6,"2,4,13","0.237,0.143,0.103",0.5415178571401494,generalist
Caballero,222,2.607169207520252,0.8702944620706153,3,0.22522522522522523,5,"3,4,16","0.225,0.140,0.077",0.46351351351119596,generalist
Chilla,221,2.4173544394807442,0.806932735885945,0,0.2986425339366516,7,"0,5,14","0.299,0.136,0.068",0.5386877828027365,generalist
The Shin Sekaï,217,2.5803417815010192,0.8613392472618481,5,0.17972350230414746,8,"5,0,14","0.180,0.157,0.092",0.4891705069099969,generalist
47ter,217,2.078685442987732,0.6938822475353182,0,0.30414746543778803,5,"0,5,14","0.304,0.272,0.088",0.6877880184297408,moderate
Jack Uzi,216,1.835795475361934,0.6128035844752027,4,0.5138888888888888,3,"4,13,2","0.514,0.134,0.065",0.7231481481445328,specialist
Zuukou Mayzie,216,2.3819902724407087,0.7951278869172216,18,0.19444444444444445,8,"18,5,1","0.194,0.171,0.102",0.5847222222192988,generalist
Luidji,215,2.6890390768297214,0.8976232958359714,5,0.16279069767441862,8,"5,13,15","0.163,0.116,0.098",0.4286046511606479,generalist
Vin’s,214,2.5479467354047323,0.8505255152130041,0,0.16355140186915887,8,"0,6,14","0.164,0.145,0.098",0.5051401869133623,generalist
F430,213,2.458879051921041,0.8207939920492116,2,0.15492957746478872,6,"2,8,1","0.155,0.150,0.146",0.551877934269541,generalist
Dandyguel,213,2.478137580837301,0.8272226469347875,3,0.28169014084507044,7,"3,0,6","0.282,0.108,0.085",0.5232394366171023,generalist
Serane,208,1.5891417284349207,0.5304685410187341,13,0.4423076923076923,3,"13,2,8","0.442,0.312,0.062",0.8024038461498344,moderate
​nelick,206,2.3215068488382933,0.7749380241126056,5,0.23786407766990292,6,"5,0,17","0.238,0.194,0.112",0.6140776698998421,generalist
PNL,205,2.568363931025999,0.8573409425465839,17,0.13658536585365855,9,"17,8,0","0.137,0.122,0.107",0.48024390243662324,generalist
MMZ,204,2.6309218639634375,0.8782232935796496,10,0.12745098039215685,10,"10,8,14","0.127,0.113,0.108",0.4465686274487477,generalist
Unité 2 Feu,203,2.2504284181914542,0.7512114610701361,12,0.21182266009852216,7,"12,4,6","0.212,0.192,0.133",0.6401477832480307,generalist
Diddi Trix,202,2.1772290459389474,0.7267769103264988,8,0.2524752475247525,5,"8,2,1","0.252,0.203,0.144",0.6668316831649826,generalist
UZI (FRA),201,2.3004398437324136,0.7679056850441724,8,0.24378109452736318,5,"8,1,2","0.244,0.189,0.119",0.6231343283550935,generalist
Manau,200,1.9977098311987824,0.6668519242638451,7,0.405,3,"7,0,5","0.405,0.230,0.060",0.6939999999965302,moderate
Guy2Bezbar,199,2.154319688637401,0.7191295789865831,1,0.2562814070351759,7,"1,2,10","0.256,0.236,0.095",0.670100502509212,generalist
Grödash,199,2.6279412678464174,0.8772283461528275,6,0.15577889447236182,8,"6,18,12","0.156,0.101,0.101",0.46155778894241584,generalist
Kohndo,199,2.3029496527329436,0.7687434798707283,0,0.25125628140703515,5,"0,7,6","0.251,0.196,0.131",0.6163316582883759,generalist
Kamelancien,198,2.604885327863423,0.8695320843117645,3,0.1414141414141414,10,"3,14,6","0.141,0.136,0.101",0.46565656565423735,generalist
Sat l’Artificier,198,2.3492246669791035,0.7841904591133899,6,0.2222222222222222,8,"6,3,9","0.222,0.136,0.121",0.600505050502048,generalist
Lycos,197,1.0851164517698144,0.362220770310187,5,0.7258883248730964,3,"5,0,13","0.726,0.112,0.056",0.8703045685235671,specialist
Gérard Baste,197,2.3246698419370047,0.7759938571476982,4,0.2436548223350254,7,"4,13,3","0.244,0.223,0.086",0.6068527918751384,generalist
Abd Al Malik,196,2.123066613828584,0.7086970463184553,7,0.25,6,"7,6,0","0.250,0.194,0.173",0.6857142857108572,generalist
Werenoi,195,2.194460550432428,0.7325289278367412,2,0.26666666666666666,6,"2,1,8","0.267,0.179,0.138",0.6628205128171988,generalist
Octobre Rouge,194,2.529162650112579,0.8442552334999227,6,0.20103092783505155,7,"6,11,16","0.201,0.175,0.093",0.5190721649458583,generalist
SDM,194,2.4038732355396215,0.802432599455152,1,0.25257731958762886,6,"1,8,2","0.253,0.155,0.124",0.5798969072135953,generalist
USKY,193,2.382397104034872,0.7952636906396552,5,0.3160621761658031,5,"5,0,17","0.316,0.114,0.098",0.5562176165775299,moderate
Manu Key,192,2.641875185259491,0.8818796020531231,3,0.171875,10,"3,12,9","0.172,0.089,0.089",0.4401041666644661,generalist
Bosh,192,2.5085276040603532,0.8373670859059639,8,0.20833333333333334,6,"8,1,2","0.208,0.177,0.104",0.529166666664021,generalist
100 Blaze,191,2.434830652111314,0.8127664389791247,2,0.18324607329842932,7,"2,1,4","0.183,0.168,0.110",0.5604712041856793,generalist
Maj Trafyk,190,2.2997942808497336,0.7676901908598693,7,0.26842105263157895,7,"7,3,16","0.268,0.153,0.126",0.6168421052600738,generalist
Fixpen Sill,189,2.4714383921000573,0.8249864027962897,0,0.19047619047619047,8,"0,16,7","0.190,0.127,0.111",0.5447089947062711,generalist
Rocca,189,2.5270584835364804,0.843552845441192,3,0.2275132275132275,8,"3,7,6","0.228,0.111,0.095",0.5103174603149089,generalist
Taïpan,189,2.784311617132902,0.9294260510902499,17,0.10582010582010581,9,"17,7,6","0.106,0.101,0.090",0.327248677247041,generalist
Suzuya,187,1.2793465471105567,0.4270563689567634,5,0.6363636363636364,4,"5,15,0","0.636,0.112,0.086",0.8510695187123221,specialist
Dany Dan,185,2.609016016880933,0.8709109421803316,3,0.24864864864864866,7,"3,13,11","0.249,0.086,0.081",0.4472972972950609,generalist
Fresh laDouille,185,2.1570812581673375,0.7200514135424664,8,0.2594594594594595,6,"8,10,1","0.259,0.195,0.178",0.673243243239877,generalist
Dibson,185,2.689607966891905,0.8978131960040224,2,0.12432432432432433,10,"2,1,17","0.124,0.108,0.092",0.40297297297095797,generalist
Assassin (FRA),185,1.9029443919633364,0.6352184435045579,6,0.3621621621621622,3,"6,3,7","0.362,0.227,0.157",0.7391891891854936,moderate
Lunatic,184,2.409956950723739,0.8044633934743052,6,0.1956521739130435,6,"6,12,7","0.196,0.152,0.147",0.5744565217362583,generalist
Lino,182,2.337320277196269,0.7802166761796061,3,0.25274725274725274,5,"3,16,12","0.253,0.143,0.121",0.606043956040926,generalist
R.E.D.K.,181,2.4954707450913185,0.8330085993067777,3,0.20994475138121546,6,"3,6,4","0.210,0.133,0.127",0.536740331489029,generalist
Gambino La MG,180,2.082393574333491,0.695120052187788,2,0.2833333333333333,4,"2,8,1","0.283,0.200,0.200",0.6894444444409977,generalist
Leck,180,2.7845385455676865,0.929501801662752,12,0.1388888888888889,8,"12,4,9","0.139,0.106,0.083",0.3477777777760389,generalist
Lady Laistee,178,2.5991794500774765,0.8676274155146503,6,0.15730337078651685,9,"6,0,13","0.157,0.129,0.112",0.47640449437964105,generalist
Jazzy Bazz,177,2.612539021262384,0.8720869499339454,0,0.2033898305084746,8,"0,7,5","0.203,0.119,0.096",0.4556497175118462,generalist
Houari,174,2.4577084024744575,0.8204032196638026,10,0.21839080459770116,8,"10,1,8","0.218,0.161,0.086",0.5517241379282759,generalist
Kool Shen,174,2.568078577892587,0.8572456893305568,3,0.1781609195402299,7,"3,6,9","0.178,0.132,0.109",0.5005747126411753,generalist
Zek,173,2.546483670622644,0.8500371321905945,4,0.2138728323699422,10,"4,3,1","0.214,0.116,0.081",0.5002890173385391,generalist
Abou Tall,173,2.61458096966777,0.8727685690570602,5,0.23121387283236994,7,"5,14,18","0.231,0.104,0.098",0.4569364161826867,generalist
Shurik’n,172,2.157585672127882,0.7202197910590412,7,0.313953488372093,5,"7,0,6","0.314,0.157,0.116",0.6715116279036196,moderate
Spider ZED,171,2.089341549915097,0.6974393434151591,0,0.29239766081871343,5,"0,5,9","0.292,0.187,0.129",0.693859649119338,generalist
Blacko (FRA),170,1.7684412689095668,0.590320198010076,0,0.3764705882352941,5,"0,14,7","0.376,0.253,0.124",0.7794117647019856,moderate
OBOY,170,2.274351885442111,0.7591973106274716,2,0.21764705882352942,8,"2,13,18","0.218,0.165,0.141",0.6258823529380471,generalist
Alibi Montana,169,2.2798270682325272,0.7610249715432186,12,0.20710059171597633,7,"12,3,6","0.207,0.195,0.142",0.6245562130146287,generalist
Beendo Z,168,2.2748243209770207,0.7593550134833243,8,0.27976190476190477,6,"8,1,2","0.280,0.161,0.131",0.6315476190444613,generalist
Cookiesan,168,1.923187275500735,0.6419756840350621,4,0.49404761904761907,3,"4,0,5","0.494,0.131,0.071",0.6958333333298544,moderate
Volts Face,168,2.558955514781115,0.8542003360484864,10,0.13095238095238096,7,"10,5,14","0.131,0.125,0.113",0.48928571428326767,generalist
L’Entourage,167,2.643909100099649,0.8825585395062837,3,0.17365269461077845,6,"3,4,11","0.174,0.156,0.078",0.43622754490799825,generalist
Tiers,167,2.3687400307197906,0.7907048475695836,6,0.32934131736526945,6,"6,12,14","0.329,0.114,0.084",0.5703592814342742,moderate
Chiens de Paille,166,2.3258268279257615,0.7763800685588348,7,0.21686746987951808,7,"7,0,3","0.217,0.163,0.157",0.6144578313222288,generalist
Klub des Loosers,166,2.358614531484459,0.7873248728886956,0,0.25301204819277107,8,"0,7,5","0.253,0.139,0.102",0.5945783132500392,generalist
Joe Lucazz,166,2.6703608225554865,0.8913883413845591,12,0.13855421686746988,10,"12,11,18","0.139,0.120,0.096",0.4343373493954187,generalist
Doc Gynéco,165,2.686757194321535,0.8968615847417156,6,0.15151515151515152,8,"6,13,4","0.152,0.133,0.097",0.42636363636150465,generalist
Lala &ce,165,2.064702595166545,0.6892146582635311,13,0.2909090909090909,6,"13,15,2","0.291,0.188,0.152",0.704545454541932,generalist
Casseurs Flowters,164,2.5614844878038214,0.8550445279828031,4,0.18902439024390244,8,"4,13,0","0.189,0.104,0.104",0.4975609756072681,generalist
Eddy de Pretto,164,2.1096014300102617,0.7042022575360292,5,0.2926829268292683,6,"5,0,14","0.293,0.226,0.104",0.6853658536551096,generalist
TTC,164,2.4641905323304827,0.8225670077677159,13,0.18292682926829268,8,"13,7,15","0.183,0.140,0.098",0.5463414634119025,generalist
Boostee,164,1.7157319548337293,0.5727253967185354,5,0.4634146341463415,4,"5,0,9","0.463,0.220,0.067",0.7780487804839148,moderate
Faf Larage,162,2.5011450004192626,0.8349027122680847,3,0.2345679012345679,9,"3,13,6","0.235,0.086,0.086",0.4925925925901297,generalist
Suprême NTM,162,2.199765209735997,0.7342996666141673,3,0.3271604938271605,4,"3,6,12","0.327,0.198,0.093",0.6432098765399942,moderate
MRC,161,2.136609673127205,0.7132178305748382,14,0.3105590062111801,6,"14,10,9","0.311,0.180,0.106",0.6754658385059392,moderate
Hocus Pocus,161,2.5048191615767257,0.8361291773931221,0,0.16149068322981366,5,"0,3,16","0.161,0.155,0.130",0.5201863354011258,generalist
Gazo,160,2.1326110075295146,0.7118830432064908,1,0.34375,7,"1,2,18","0.344,0.138,0.113",0.6731249999966347,moderate
Tunisiano,160,2.4011219839349973,0.8015142091073523,6,0.3,7,"6,3,7","0.300,0.087,0.081",0.5524999999972371,moderate
Wallen,160,1.9956641607812928,0.6661690627025673,5,0.3375,3,"5,0,7","0.338,0.263,0.081",0.6987499999965063,moderate
Senamo,159,2.640064114499353,0.8812750517813494,0,0.1509433962264151,8,"0,16,9","0.151,0.094,0.094",0.4424528301864672,generalist
Fayçal,159,1.5337988599388537,0.5119946376647435,7,0.5723270440251572,5,"7,0,16","0.572,0.107,0.088",0.8084905660336935,specialist
2zer,159,2.763432997190589,0.9224565965343047,9,0.1320754716981132,10,"9,16,0","0.132,0.088,0.088",0.35062893081585694,generalist
Zesau,158,2.6394635942618567,0.8810745932013897,9,0.14556962025316456,10,"9,3,4","0.146,0.133,0.114",0.44810126582054427,generalist
Nusky,158,2.364441466992854,0.7892699517463208,5,0.25316455696202533,8,"5,13,14","0.253,0.165,0.082",0.5797468354401392,generalist
Souffrance,156,2.660824334526189,0.8882049834745468,0,0.12179487179487179,9,"0,4,16","0.122,0.115,0.109",0.44294871794650337,generalist
Rochdi,155,2.1828995115341527,0.7286697582439392,7,0.2709677419354839,5,"7,4,0","0.271,0.194,0.181",0.6590322580612213,generalist
KaNoé (BEL),155,2.5748687053156507,0.8595122895481417,2,0.17419354838709677,9,"2,17,8","0.174,0.135,0.097",0.4854838709653146,generalist
Nysay,154,2.4478188521387283,0.8171020066605469,11,0.15584415584415584,8,"11,12,3","0.156,0.143,0.130",0.5538961038933343,generalist
1995,154,2.5091513543825106,0.8375752988786864,3,0.24675324675324675,6,"3,4,16","0.247,0.136,0.097",0.5175324675298805,generalist
Pit Baccardi,153,2.5399765812641166,0.8478650124000607,3,0.19607843137254902,6,"3,6,7","0.196,0.170,0.118",0.5120915032654135,generalist
Nemir,150,2.7904078009460846,0.9314610072400364,0,0.12666666666666668,7,"0,5,15","0.127,0.120,0.093",0.3406666666649633,generalist
Rounhaa,150,2.524150854682502,0.8425822550851557,5,0.24,8,"5,18,2","0.240,0.107,0.107",0.5006666666641635,generalist
Le Rat Luciano,150,2.510207878786055,0.8379279753888242,6,0.18,7,"6,9,12","0.180,0.140,0.113",0.51199999999744,generalist
L’Skadrille,147,2.7766014436075563,0.9268523319387054,6,0.11564625850340136,8,"6,11,8","0.116,0.102,0.095",0.3547619047601308,generalist
Népal,146,2.68593474075428,0.8965870429962748,4,0.136986301369863,8,"4,0,16","0.137,0.116,0.110",0.43013698629921926,generalist
Zoxea,145,2.238524244582586,0.747237750296995,3,0.36551724137931035,7,"3,4,16","0.366,0.117,0.069",0.6155172413762328,moderate
Darryl Zeuja,145,2.613732574870224,0.872485367916212,3,0.13793103448275862,8,"3,0,9","0.138,0.131,0.124",0.46793103448041873,generalist
Expression Direkt,144,2.7201017440851016,0.9079922689012878,3,0.1388888888888889,8,"3,14,9","0.139,0.097,0.097",0.3881944444425037,generalist
MHD,143,2.7111250284849784,0.904995767618657,5,0.16783216783216784,8,"5,14,17","0.168,0.119,0.070",0.39685314685116285,generalist
Set&Match,143,2.5398351490478177,0.8478178011664177,4,0.16083916083916083,8,"4,17,8","0.161,0.140,0.112",0.5101398601373097,generalist
Don Choa,142,2.762708319795066,0.9222146932768206,7,0.11267605633802817,8,"7,6,11","0.113,0.106,0.099",0.3711267605615246,generalist
Limsa d’Aulnay,141,2.708078031080411,0.903978654897515,4,0.15602836879432624,7,"4,3,9","0.156,0.142,0.078",0.40815602836675363,generalist
Kerchak,141,1.8892556301095085,0.6306490225403847,1,0.3829787234042553,3,"1,8,2","0.383,0.234,0.113",0.740780141840268,moderate
Ziak,140,2.1182557408567932,0.707091137467968,1,0.34285714285714286,6,"1,10,2","0.343,0.143,0.114",0.6799999999965998,moderate
Odezenne,140,2.410378525259326,0.8046041185114884,0,0.2857142857142857,7,"0,7,15","0.286,0.100,0.093",0.5528571428543783,generalist
Monsieur R,139,1.8852179799975364,0.6293012218214699,6,0.5035971223021583,4,"6,7,0","0.504,0.079,0.072",0.7003597122267143,specialist
PRIME,139,2.3894874928108143,0.7976305205591829,2,0.22302158273381295,7,"2,8,1","0.223,0.137,0.108",0.5787769784143725,generalist
Kamini,138,2.5326560939803056,0.8454213737116387,7,0.15942028985507245,9,"7,6,3","0.159,0.145,0.130",0.5123188405771486,generalist
Younès,138,2.760337049929781,0.9214231439497267,15,0.10869565217391304,9,"15,0,5","0.109,0.101,0.094",0.3521739130417173,generalist
Cabadzi,138,2.0147374056267457,0.6725358682458494,0,0.35507246376811596,5,"0,5,7","0.355,0.203,0.101",0.7101449275326813,moderate
Ali (FRA),137,1.7207152158649772,0.5743888501169714,7,0.3722627737226277,4,"7,6,0","0.372,0.307,0.102",0.7843065693391446,moderate
S-Pion,137,2.5869851788480935,0.8635568677767791,1,0.1386861313868613,10,"1,11,2","0.139,0.131,0.117",0.47408759123850597,generalist
Flynt,137,2.2194348830906145,0.7408655648849372,3,0.35766423357664234,7,"3,6,11","0.358,0.139,0.073",0.6273722627705857,moderate
Gambi,136,2.18127753882304,0.7281283304516657,2,0.34558823529411764,6,"2,1,13","0.346,0.110,0.103",0.6507352941143938,moderate
Benash,136,2.6390641384772517,0.8809412515846734,12,0.15441176470588236,12,"12,18,10","0.154,0.096,0.096",0.4389705882330992,generalist
Niaks,135,2.274290165802676,0.7591767081056843,11,0.25925925925925924,6,"11,1,8","0.259,0.193,0.119",0.6314814814783243,generalist
Siboy,134,2.355615237862578,0.7863236840814185,18,0.34328358208955223,7,"18,13,10","0.343,0.082,0.082",0.5671641791016416,moderate
Triptik,134,2.3588251884657665,0.7873951919165898,3,0.3208955223880597,8,"3,6,16","0.321,0.104,0.090",0.5738805970120561,moderate
Kodes,134,1.7674102898623647,0.5899760487493748,2,0.4701492537313433,5,"2,1,8","0.470,0.149,0.104",0.7686567164140671,moderate
Kacem Wapalek,133,2.3838388884639845,0.7957449701057279,3,0.3233082706766917,6,"3,12,6","0.323,0.090,0.090",0.560526315786671,moderate
Rocé (FRA),131,2.0686026999690825,0.6905165452301895,6,0.22900763358778625,6,"6,7,3","0.229,0.221,0.183",0.6973282442713228,generalist
Thabiti,130,2.241667506290186,0.7482869968319235,2,0.23846153846153847,6,"2,1,13","0.238,0.177,0.146",0.6423076923044808,generalist
La Canaille,129,2.092305458760252,0.6984287204937852,7,0.2868217054263566,5,"7,6,0","0.287,0.233,0.140",0.69186046511282,generalist
Tragédie,129,1.525651230075477,0.5092748920001181,5,0.4496124031007752,4,"5,15,0","0.450,0.271,0.101",0.8251937984454865,moderate
Le 3ème Œil,127,2.2668120104328766,0.7566804385171714,6,0.2283464566929134,6,"6,12,9","0.228,0.165,0.126",0.6350393700755649,generalist
Mafia Trece,126,2.642966397184636,0.8822438575424331,3,0.1984126984126984,7,"3,0,6","0.198,0.103,0.095",0.4523809523786906,generalist
Dika,126,2.171917893715008,0.7250040041590066,1,0.3492063492063492,6,"1,4,2","0.349,0.103,0.095",0.652380952377691,moderate
Intouchable,126,2.2868999613667027,0.763385961274048,3,0.2698412698412698,6,"3,9,6","0.270,0.127,0.127",0.6253968253936983,generalist
J9ueve,124,1.8691528039379703,0.6239385343071724,13,0.3870967741935484,6,"13,15,5","0.387,0.169,0.121",0.7516129032220484,moderate
Ärsenik (Group),124,2.0978512924566637,0.70027996526134,3,0.3951612903225806,6,"3,12,6","0.395,0.113,0.113",0.6749999999966251,moderate
Doums,122,2.665457965615995,0.8897517275313209,8,0.14754098360655737,6,"8,1,18","0.148,0.123,0.107",0.4352459016371681,generalist
Stomy Bugsy,122,2.7033253435136,0.9023921688123707,12,0.11475409836065574,8,"12,13,4","0.115,0.107,0.098",0.4073770491782908,generalist
Mino (FRA),121,2.2922572873926743,0.7651742806353159,0,0.2231404958677686,6,"6,0,7","0.223,0.223,0.124",0.6219008264431714,generalist
Shtar Academy,120,2.398560834305765,0.8006592763579068,6,0.23333333333333334,8,"6,8,11","0.233,0.125,0.125",0.5758333333304542,generalist
Bisso Na Bisso,120,2.362431519907235,0.7885990149261773,6,0.2833333333333333,6,"6,12,7","0.283,0.133,0.117",0.5924999999970375,generalist
Beny,120,2.5543125593865987,0.8526504794623342,11,0.14166666666666666,8,"11,2,16","0.142,0.125,0.108",0.4899999999975499,generalist
Panama Bende,118,2.5557290789479907,0.8531233253083722,3,0.13559322033898305,8,"3,4,1","0.136,0.127,0.110",0.4940677966076993,generalist
MC Jean Gab’1,118,2.5364044001106816,0.8466725890366749,4,0.1864406779661017,11,"4,6,7","0.186,0.119,0.085",0.48813559321789846,generalist
McFly & Carlito,117,2.6462075250872608,0.8833257726158316,4,0.11965811965811966,9,"4,13,0","0.120,0.111,0.111",0.44487179486957057,generalist
Raggasonic,117,2.4850427727188045,0.8295276566122082,6,0.26495726495726496,8,"6,12,3","0.265,0.094,0.085",0.5192307692281729,generalist
JeanJass,117,2.771958028894068,0.9253023220281137,2,0.09401709401709402,9,"17,8,2","0.094,0.094,0.094",0.3431623931606774,generalist
Casey (FRA),116,1.9762057878918216,0.659673698259874,6,0.3448275862068966,5,"6,16,7","0.345,0.147,0.147",0.7241379310308623,moderate
Gaël Faye,116,2.166756138522523,0.7232809679457735,0,0.23275862068965517,3,"0,7,6","0.233,0.216,0.216",0.6491379310312372,generalist
Le Juiice,116,2.4139632005386646,0.8058007125165615,18,0.1896551724137931,8,"18,8,13","0.190,0.129,0.121",0.5655172413764827,generalist
Tandem,116,2.3109979593702072,0.7714300706279577,6,0.2672413793103448,6,"6,7,11","0.267,0.164,0.112",0.6103448275831551,generalist
Denzo,116,2.437198230452925,0.813556756045343,8,0.21551724137931033,8,"8,4,1","0.216,0.155,0.138",0.562068965514431,generalist
Moha La Squale,116,2.4153214388650506,0.8062541036084079,2,0.2413793103448276,8,"2,13,1","0.241,0.129,0.103",0.5603448275834051,generalist
Axiom,115,2.0325348384277233,0.6784767972661399,6,0.3652173913043478,7,"6,7,0","0.365,0.157,0.087",0.6978260869530328,moderate
Kemmler,115,2.4183547975961277,0.8072666636284922,5,0.20869565217391303,8,"5,15,14","0.209,0.148,0.148",0.573478260866698,generalist
X-Men,115,2.501813323032674,0.8351258038371514,3,0.2608695652173913,6,"3,11,16","0.261,0.139,0.078",0.5134782608669978,generalist
Ideal J,114,2.1897390378636152,0.7309528482215853,6,0.2982456140350877,7,"6,3,8","0.298,0.211,0.114",0.6552631578914604,generalist
Graya,114,2.4509711085913524,0.8181542557151276,1,0.22807017543859648,7,"1,2,15","0.228,0.114,0.105",0.5535087719270572,generalist
Worms-T,112,2.482484271158058,0.8286736078097392,1,0.23214285714285715,6,"1,11,12","0.232,0.161,0.089",0.5303571428544913,generalist
KDD,112,2.6174751695454885,0.873734676710694,6,0.24107142857142858,8,"6,12,9","0.241,0.098,0.071",0.44910714285489767,generalist
Ademo,110,2.495723891070396,0.8330931015105668,11,0.15454545454545454,9,"11,3,4","0.155,0.136,0.109",0.5245454545428315,generalist
Sir Samuel,109,2.3492133806246995,0.784186691635734,5,0.26605504587155965,8,"5,14,13","0.266,0.110,0.101",0.5866972477034885,generalist
Kalif Hardcore,109,2.2226630477138554,0.7419431527093695,2,0.3394495412844037,4,"2,1,17","0.339,0.138,0.101",0.634403669721599,moderate
Tiakola,109,2.432776283373758,0.8120806738472762,15,0.1651376146788991,9,"15,2,10","0.165,0.147,0.110",0.5555045871531861,generalist
Liza Monet,108,2.5356380184723175,0.8464167645609265,15,0.16666666666666666,9,"15,5,4","0.167,0.130,0.102",0.5027777777752637,generalist
Cuizinier,108,2.133538452943163,0.7121926320912639,5,0.23148148148148148,7,"5,13,15","0.231,0.194,0.167",0.6768518518484677,generalist
Aketo,107,2.5394450606147223,0.847687586448454,3,0.16822429906542055,7,"3,4,16","0.168,0.121,0.112",0.5079439252311051,generalist
Gringe,107,2.358153566544156,0.7871709990113895,5,0.24299065420560748,6,"5,0,4","0.243,0.206,0.075",0.5761682242961844,generalist
L’Animalerie,106,2.159623194879544,0.7208999328626493,3,0.3490566037735849,5,"3,16,4","0.349,0.170,0.104",0.6594339622608538,moderate
Benjamin Epps,106,2.0184179913305886,0.6737644779371542,18,0.42452830188679247,5,"18,1,6","0.425,0.113,0.094",0.6877358490531652,moderate
AM La Scampia,105,2.286117356147364,0.7631247212339258,2,0.2761904761904762,6,"2,1,10","0.276,0.152,0.114",0.6157142857112073,generalist
Luni Sacks,105,2.4292499291546448,0.8109035478903798,2,0.1523809523809524,9,"2,13,1","0.152,0.133,0.124",0.5452380952353696,generalist
Tout Simplement Noir,104,2.3392036692980764,0.7808453679083142,13,0.21153846153846154,7,"13,6,18","0.212,0.173,0.125",0.5990384615354666,generalist
Moubarak,103,2.326462377603249,0.7765922202531294,2,0.27184466019417475,5,"2,1,10","0.272,0.146,0.126",0.6043689320358131,generalist
BFG,102,2.5276913074652176,0.8437640872582007,8,0.16666666666666666,7,"8,1,5","0.167,0.137,0.127",0.5107843137229368,generalist
Kroc Blanc,102,2.097542349480735,0.7001768375624277,6,0.35294117647058826,7,"6,7,16","0.353,0.157,0.069",0.6627450980359022,moderate
Lesram,101,2.389054990803392,0.7974861478422882,2,0.2079207920792079,9,"2,1,8","0.208,0.149,0.139",0.5757425742545469,generalist
Def Bond,100,2.5285606746340843,0.8440542891485837,13,0.18,7,"13,0,16","0.180,0.120,0.100",0.5149999999974249,generalist
BraSco (FRA),100,2.4004869176245927,0.8013022187649539,9,0.18,6,"9,6,14","0.180,0.170,0.120",0.5669999999971652,generalist
Meryl,100,2.5111503225616527,0.838242570849813,8,0.18,6,"8,17,0","0.180,0.140,0.120",0.52599999999737,generalist
Moha K,99,1.827753507253469,0.6101191095708667,5,0.46464646464646464,6,"5,13,15","0.465,0.111,0.091",0.7469696969659624,moderate
JNR Slice,98,2.397292772929699,0.8002359870715909,8,0.21428571428571427,10,"8,10,1","0.214,0.133,0.102",0.5714285714257145,generalist
La Brigade,98,2.3833090413997926,0.7955681028105862,6,0.20408163265306123,10,"6,7,12","0.204,0.143,0.133",0.5704081632624541,generalist
Féfé,96,2.441980169221484,0.815153006421511,0,0.21875,8,"0,5,15","0.219,0.167,0.094",0.5593749999972032,generalist
Heuss L’enfoiré,95,2.0440235376626044,0.6823118192860653,1,0.29473684210526313,4,"1,2,8","0.295,0.274,0.116",0.6952631578912606,generalist
Sianna,95,2.5141943112360696,0.8392586792321571,3,0.22105263157894736,7,"3,0,9","0.221,0.116,0.105",0.508947368418508,generalist
Riski,95,2.6533662774700253,0.8857154228679457,13,0.1368421052631579,9,"13,1,2","0.137,0.105,0.105",0.43421052631361834,generalist
High Five Crew,95,2.3959952349075775,0.7998028582390927,0,0.16842105263157894,6,"7,0,3","0.168,0.168,0.158",0.5794736842076289,generalist
La Cliqua,95,1.848660765410767,0.6170981237978271,3,0.4631578947368421,4,"3,9,6","0.463,0.137,0.095",0.739473684206829,moderate
Al Peco,93,2.1962348362592197,0.7331211989961017,3,0.3010752688172043,8,"3,6,4","0.301,0.204,0.075",0.6467741935451534,moderate
James Delleck,93,2.3332874216779937,0.7788704759353863,7,0.26881720430107525,7,"7,0,16","0.269,0.118,0.097",0.5919354838680083,generalist
OldPee,93,2.174907480608087,0.7260019527806076,1,0.25806451612903225,7,"1,2,8","0.258,0.194,0.172",0.6618279569859381,generalist
Leeroy,92,2.576901330256228,0.8601907964222443,3,0.13043478260869565,10,"7,3,6","0.130,0.130,0.120",0.47499999999762504,generalist
Moha MMZ,92,2.630540490759923,0.8780959880767909,17,0.15217391304347827,8,"17,2,0","0.152,0.120,0.098",0.4499999999977503,generalist
Aloïse Sauvage,92,1.948732700109835,0.650502956259824,0,0.358695652173913,5,"0,5,7","0.359,0.228,0.087",0.72934782608331,moderate
Escobar Macson,92,2.27046833215894,0.7579009486937118,3,0.2608695652173913,7,"3,12,1","0.261,0.141,0.130",0.6304347826055435,generalist
Lord Kossity,91,2.5655195700041076,0.8563914715117383,13,0.1978021978021978,7,"13,15,6","0.198,0.154,0.099",0.48406593406351367,generalist
Le Klub des 7,90,2.4967769894119067,0.8334446343731018,9,0.18888888888888888,8,"9,3,4","0.189,0.156,0.122",0.5344444444417723,generalist
Mokobé,90,2.210862470874621,0.7380040233874977,6,0.3333333333333333,7,"6,13,1","0.333,0.144,0.089",0.641111111107906,moderate
Fatal Bazooka,90,2.096231969564441,0.6997394220003423,13,0.2777777777777778,4,"13,4,15","0.278,0.256,0.111",0.683333333329917,generalist
Mo’vez Lang,89,2.1022196370933375,0.7017381545245251,11,0.25842696629213485,6,"11,6,9","0.258,0.191,0.157",0.6904494381987948,generalist
Dr Bériz,89,2.338063032583612,0.7804646140190117,5,0.20224719101123595,7,"5,0,7","0.202,0.180,0.101",0.5994382022441939,generalist
Demon One,89,2.3391013815327164,0.7808112234134061,3,0.2808988764044944,9,"3,9,0","0.281,0.112,0.101",0.5882022471880702,generalist
Rimkus,88,2.3048292392351257,0.769370901259073,1,0.3181818181818182,6,"1,11,2","0.318,0.114,0.114",0.6011363636333581,moderate
Princess Aniès,87,1.936982816354699,0.6465807487051427,6,0.25287356321839083,6,"6,0,14","0.253,0.207,0.161",0.7281609195365889,generalist
Mani Deïz,87,2.3378217619287436,0.7803840758958296,7,0.22988505747126436,6,"7,0,16","0.230,0.161,0.149",0.6051724137900774,generalist
Swagg Man,86,2.4514545913730923,0.8183156462325674,2,0.19767441860465115,6,"2,8,15","0.198,0.151,0.116",0.5569767441832622,generalist
Joey Starr,83,2.4689705751996964,0.8241626252771347,6,0.2289156626506024,6,"6,4,0","0.229,0.157,0.108",0.5427710843346355,generalist
Six,81,2.086326126238864,0.6964327702634616,4,0.2716049382716049,6,"4,3,9","0.272,0.247,0.086",0.6858024691323735,generalist
Noyau Dur,81,2.1686716564978497,0.7239203835545168,3,0.37037037037037035,5,"3,16,12","0.370,0.111,0.099",0.6499999999967504,moderate
Kalash l’Afro,79,2.0314156555414313,0.6781032048406177,6,0.25316455696202533,5,"6,3,12","0.253,0.203,0.165",0.7056962025281175,generalist
​​okis,79,2.1459439190724843,0.7163336784186796,2,0.20253164556962025,6,"2,11,1","0.203,0.190,0.165",0.667721518984003,generalist
Saké (FRA),79,1.960380388156525,0.6543910500489502,3,0.3037974683544304,7,"3,16,0","0.304,0.203,0.152",0.7310126582241931,moderate
Prince Waly,78,2.5759102472040967,0.8598599647718727,5,0.1282051282051282,9,"5,18,8","0.128,0.115,0.090",0.46538461538228826,generalist
Beat de Boul,78,2.144288210473843,0.7157809893104914,3,0.3974358974358974,7,"3,4,6","0.397,0.103,0.077",0.6346153846122117,moderate
Patee Gee,78,2.179325298499885,0.7274766566220685,4,0.20512820512820512,7,"4,7,0","0.205,0.167,0.167",0.6564102564069743,generalist
L’Armée des 12,78,2.2841728865853996,0.7624756413481396,4,0.21794871794871795,6,"4,7,16","0.218,0.192,0.128",0.6269230769199421,generalist
Miklo,77,2.358511548449905,0.787290496307229,17,0.18181818181818182,8,"17,10,14","0.182,0.169,0.130",0.5941558441528735,generalist
L.I.O. Petrodollars,76,2.5355298212297086,0.8463806474340511,1,0.17105263157894737,8,"1,8,12","0.171,0.132,0.105",0.5092105263132436,generalist
Ixzo,75,2.497065759403801,0.8335410281645107,1,0.17333333333333334,9,"1,9,12","0.173,0.120,0.093",0.5166666666640833,generalist
L’indis,74,2.190191559141786,0.731103903535228,3,0.33783783783783783,7,"3,16,4","0.338,0.149,0.095",0.6499999999967501,moderate
Dadoo,73,2.5828348296648187,0.8621714471836528,13,0.1643835616438356,8,"13,4,6","0.164,0.151,0.123",0.48972602739481164,generalist
Puzzle (Fra),73,2.4099191559559325,0.804450777270868,0,0.1232876712328767,10,"6,0,16","0.123,0.123,0.110",0.525342465750798,generalist
Daddy Lord C,72,2.509586505196414,0.8377205557889067,16,0.1527777777777778,9,"16,3,10","0.153,0.139,0.111",0.5124999999974378,generalist
Zbig,72,1.688545386759,0.5636502973464287,4,0.3472222222222222,5,"4,1,3","0.347,0.292,0.125",0.7902777777738266,moderate
Hache-P,72,2.414977063092175,0.8061391481513012,1,0.16666666666666666,9,"1,2,18","0.167,0.125,0.111",0.5458333333306044,generalist
Sauveur Eloheem,72,2.0739620600820645,0.6923055435863823,4,0.2638888888888889,5,"4,7,16","0.264,0.208,0.181",0.6958333333298541,generalist
Mac Kregor,72,2.389678867649775,0.7976944030498347,7,0.16666666666666666,9,"7,6,16","0.167,0.153,0.111",0.5624999999971876,generalist
Team BS,71,2.305448696034627,0.769577681018723,0,0.2535211267605634,7,"0,9,6","0.254,0.169,0.127",0.6161971830955106,generalist
Lemon Haze,70,2.1097365236819012,0.7042473529114845,11,0.24285714285714285,8,"11,1,10","0.243,0.229,0.086",0.6699999999966499,generalist
Iron Sy,70,2.381726794329766,0.7950399357630852,6,0.24285714285714285,7,"6,3,0","0.243,0.114,0.114",0.5785714285685357,generalist
OGB,70,2.456904217255281,0.8201347760427635,3,0.18571428571428572,8,"3,0,12","0.186,0.157,0.114",0.5514285714258145,generalist
Sté Strausz,70,2.4166071384906456,0.8066832806870624,3,0.21428571428571427,8,"3,5,0","0.214,0.143,0.100",0.5657142857114575,generalist
Soon E MC,69,2.173585807161535,0.7255607673455073,0,0.2028985507246377,7,"0,3,7","0.203,0.174,0.130",0.652898550721373,generalist
S.Téban,68,2.5327735472334916,0.8454605805707506,8,0.14705882352941177,8,"8,1,2","0.147,0.118,0.118",0.5014705882327869,generalist
Karlito,67,2.3399564057253373,0.7810966375006959,11,0.1791044776119403,9,"11,9,6","0.179,0.164,0.164",0.5932835820865856,generalist
Ma2x,67,1.3482390829959252,0.45005326240199695,5,0.5074626865671642,5,"5,15,0","0.507,0.224,0.134",0.8514925373091758,specialist
5 Majeur,66,2.1394711925868726,0.7141730292369245,3,0.2878787878787879,6,"3,0,4","0.288,0.182,0.121",0.675757575754197,generalist
K-Reen,66,1.6884814505068222,0.5636289549011301,5,0.5454545454545454,3,"5,0,15","0.545,0.136,0.091",0.7575757575719696,specialist
Shone,66,2.346998177155325,0.783447238551448,6,0.16666666666666666,8,"6,18,12","0.167,0.152,0.136",0.5863636363607049,generalist
SEB (FRA),65,2.321779473058286,0.7750290283129474,4,0.2,7,"4,16,5","0.200,0.138,0.123",0.5976923076893195,generalist
Pink Tee,65,2.413290455359966,0.8055761446589337,17,0.2153846153846154,5,"17,3,18","0.215,0.169,0.108",0.5623076923048808,generalist
Ekoué,64,2.1043395077850193,0.7024457847458222,6,0.28125,5,"6,12,16","0.281,0.156,0.141",0.682812499996586,generalist
667,64,0.8091010383574917,0.27008456179484075,18,0.796875,3,"18,1,4","0.797,0.062,0.062",0.9015624999954923,specialist
Wacko,63,2.545207200612829,0.8496110360333766,15,0.15873015873015872,10,"15,13,2","0.159,0.127,0.111",0.48015873015632954,generalist
Ministère A.M.E.R.,63,2.2377102018031114,0.7469660161414895,6,0.31746031746031744,7,"6,12,3","0.317,0.111,0.095",0.626190476187345,moderate
Laeti,60,2.096169142356735,0.6997184497631833,0,0.31666666666666665,7,"0,1,10","0.317,0.117,0.100",0.6699999999966499,moderate
Nick Conrad,58,2.1833556015866704,0.7288220048437252,6,0.3448275862068966,9,"6,15,12","0.345,0.103,0.086",0.6327586206864915,moderate
Kooly,58,2.222777125696256,0.7419812328754136,18,0.22413793103448276,7,"18,6,3","0.224,0.190,0.138",0.6379310344795694,generalist
JP Manova,57,2.157479031447559,0.7201841935254217,6,0.22807017543859648,7,"6,3,16","0.228,0.158,0.123",0.6587719298212679,generalist
Démocrates D,56,1.7017570593600932,0.5680604620055756,6,0.5,6,"6,7,11","0.500,0.143,0.089",0.7767857142818304,specialist
Zifou,54,2.3301670661513385,0.7778288756715038,14,0.2037037037037037,8,"14,18,13","0.204,0.130,0.130",0.5962962962933147,generalist
Eklips,54,1.6321487922761841,0.5448246516167756,3,0.5370370370370371,6,"3,15,1","0.537,0.093,0.093",0.783333333329417,specialist
Diamond Deuklo,54,2.4233712934128016,0.8089412110708518,0,0.2037037037037037,9,"0,5,7","0.204,0.148,0.130",0.5592592592564629,generalist
Humphrey,53,1.6807123103493962,0.5610355522042298,5,0.37735849056603776,5,"5,0,7","0.377,0.226,0.151",0.795283018863948,moderate
Moona,53,2.535731170900443,0.8464478596053495,5,0.1509433962264151,9,"5,13,14","0.151,0.132,0.113",0.49339622641262726,generalist
Blackapar,49,2.051752183696212,0.684891704712355,3,0.3673469387755102,5,"3,18,12","0.367,0.122,0.122",0.6887755102006379,moderate
Assaf,49,2.4253931305219294,0.8096161168783488,4,0.1836734693877551,7,"4,9,3","0.184,0.143,0.122",0.5602040816298519,generalist
Orties,49,2.1840038747305277,0.7290384037354353,5,0.32653061224489793,6,"5,13,17","0.327,0.163,0.102",0.6438775510171891,moderate
Dicidens,49,2.1069229439655555,0.7033081569288583,6,0.24489795918367346,6,"6,3,7","0.245,0.184,0.122",0.6806122448945563,generalist
Psykick Lyrikah,49,0.7994876061489042,0.2668755192867856,7,0.6530612244897959,2,"7,0,3","0.653,0.306,0.020",0.909183673464842,specialist
La Boussole,47,1.9552740428244695,0.6526865101015278,6,0.40425531914893614,7,"6,12,16","0.404,0.128,0.085",0.7117021276560158,moderate
Driks,47,1.9628085794475083,0.6552016002147374,5,0.3404255319148936,6,"5,15,13","0.340,0.170,0.106",0.7223404255283032,moderate
Milk Coffee and Sugar,47,1.9431658596192145,0.6486446992520921,6,0.2765957446808511,5,"6,7,3","0.277,0.191,0.149",0.7265957446772181,generalist
Bastard Prod,47,2.2044442386480894,0.7358615648363144,16,0.2765957446808511,7,"16,7,9","0.277,0.128,0.106",0.6414893616989203,generalist
Hös Copperfield,47,2.5003424632137143,0.8346348187675094,2,0.1702127659574468,8,"2,9,8","0.170,0.149,0.106",0.5180851063803883,generalist
Vicky R,47,2.5647097028191506,0.8561211312039256,9,0.1702127659574468,7,"9,5,13","0.170,0.149,0.085",0.4819148936146118,generalist
Missak Portoukalian,47,2.3116591360383825,0.771650776821903,7,0.19148936170212766,9,"7,16,4","0.191,0.149,0.128",0.5946808510608561,generalist
Morsay,46,1.892950748073226,0.6318824832192101,4,0.34782608695652173,4,"4,12,13","0.348,0.239,0.152",0.7369565217354458,moderate
Afrojazz,46,2.0787176496020603,0.6938929983672977,3,0.30434782608695654,4,"3,6,17","0.304,0.217,0.109",0.6847826086922285,moderate
Zinée,46,2.4307721409085934,0.8114116746570426,0,0.1956521739130435,7,"0,5,17","0.196,0.130,0.109",0.5499999999972499,generalist
Bimbim,45,2.4705047213705265,0.824674735850023,2,0.15555555555555556,9,"2,11,10","0.156,0.111,0.111",0.5211111111085055,generalist
Bedjik,44,2.563558339719357,0.8557367967592365,15,0.11363636363636363,9,"17,15,8","0.114,0.114,0.091",0.44772727272503404,generalist
Mike Lucazz,43,2.5374544593001236,0.847023107405326,3,0.16279069767441862,8,"3,8,12","0.163,0.093,0.093",0.4686046511604476,generalist
OFX,43,2.1607682092054996,0.721282148034567,16,0.20930232558139536,5,"16,3,6","0.209,0.186,0.186",0.6523255813920874,generalist
Dadinho,42,1.9126614006299005,0.6384620606836846,2,0.2857142857142857,6,"2,1,8","0.286,0.262,0.095",0.7309523809487266,generalist
Vicelow,41,1.905044813804437,0.6359195815400368,3,0.4634146341463415,5,"3,15,18","0.463,0.098,0.073",0.7109756097525427,moderate
Dala,41,1.9057604841268898,0.6361584781626658,1,0.43902439024390244,5,"1,10,16","0.439,0.122,0.073",0.7182926829232379,moderate
Eli Mc,40,1.4636564043823266,0.4885805107830667,0,0.5,3,"0,7,9","0.500,0.250,0.075",0.8299999999958502,specialist
Edgar Sekloka,40,1.9802134481406621,0.6610114881165376,7,0.3,4,"7,6,0","0.300,0.250,0.125",0.7174999999964127,moderate
Eye’s Berg,40,1.8645656806539954,0.6224073149373811,5,0.35,4,"5,8,11","0.350,0.250,0.100",0.7474999999962627,moderate
IV My People,39,1.706187049374674,0.569539229001441,3,0.358974358974359,6,"3,4,11","0.359,0.256,0.128",0.788461538457596,moderate
Explicit Samouraï,39,2.1587517270737084,0.7206090297624195,3,0.23076923076923078,9,"3,4,12","0.231,0.154,0.128",0.6448717948685706,generalist
Makiavel,39,2.604578334239525,0.8694296073225463,10,0.1282051282051282,8,"16,10,11","0.128,0.128,0.128",0.4576923076900195,generalist
La Clinique,38,2.2104539205549028,0.737867645940379,3,0.2631578947368421,8,"3,12,0","0.263,0.158,0.105",0.6421052631546841,generalist
Fisto,37,1.7370241793965069,0.5798329158886372,5,0.2972972972972973,4,"5,7,0","0.297,0.270,0.216",0.7743243243204531,generalist
JSX,37,1.6206159263502173,0.540974886393168,1,0.4594594594594595,7,"1,8,10","0.459,0.216,0.081",0.7959459459419663,moderate
Lebeey,37,2.134643870324874,0.7125616294784702,2,0.2702702702702703,8,"2,8,13","0.270,0.135,0.135",0.6662162162128851,generalist
Les Spécialistes,37,2.037770396382001,0.6802244694464935,0,0.21621621621621623,6,"6,0,16","0.216,0.216,0.135",0.6959459459424663,generalist
D’ de Kabal,37,1.1875583504957414,0.3964167161997023,6,0.43243243243243246,4,"6,7,0","0.432,0.405,0.081",0.8662162162118852,moderate
MLC,37,2.521759534042184,0.8417840126449255,12,0.16216216216216217,9,"12,18,13","0.162,0.135,0.108",0.5013513513488447,generalist
Ménélik,36,1.9100958787588067,0.6376056684440502,15,0.2222222222222222,7,"15,0,3","0.222,0.194,0.194",0.7249999999963751,generalist
Titan,35,2.1339123758637277,0.7123174506285763,8,0.34285714285714286,8,"8,4,3","0.343,0.114,0.114",0.6557142857110072,moderate
Rouda,35,1.9436010844051386,0.6487899808547795,7,0.34285714285714286,8,"7,0,6","0.343,0.143,0.114",0.7185714285678358,moderate
Piloophaz,35,1.7962465145194741,0.5996018170170109,7,0.3142857142857143,6,"7,0,14","0.314,0.200,0.171",0.7642857142818928,moderate
Plune,34,1.8052682388987427,0.6026133425992238,0,0.4117647058823529,6,"0,8,4","0.412,0.147,0.118",0.7588235294079705,moderate
Caribbean Dandee,34,2.2808650701678133,0.7613714651015546,0,0.14705882352941177,9,"16,0,7","0.147,0.147,0.147",0.594117647055853,generalist
Sid les 3 éléments,34,1.9213363139659512,0.6413578178955797,10,0.23529411764705882,6,"10,2,17","0.235,0.176,0.147",0.7147058823493678,generalist
Kabal,33,1.570076016403186,0.5241042499904454,7,0.3939393939393939,4,"7,6,0","0.394,0.242,0.152",0.8136363636322955,moderate
L’Atelier,33,1.8912966441963994,0.6313303297803236,3,0.42424242424242425,5,"3,7,16","0.424,0.152,0.091",0.728787878784235,moderate
Melaaz,33,2.207168149746762,0.7367708286990162,6,0.18181818181818182,8,"7,6,9","0.182,0.182,0.152",0.6378787878755989,generalist
Ghetto Fabulous Gang,32,2.266069730818756,0.756432659494769,12,0.1875,9,"12,3,7","0.188,0.156,0.125",0.6062499999969688,generalist
MC Circulaire,31,1.9273070860944883,0.6433509105965685,3,0.3870967741935484,4,"3,1,12","0.387,0.161,0.129",0.7209677419318792,moderate
Syrano,31,1.9770083891446983,0.6599416131399726,15,0.25806451612903225,6,"15,7,3","0.258,0.226,0.194",0.7145161290286854,generalist
Spoke Orkestra,31,1.707265192044543,0.5698991218661629,6,0.41935483870967744,4,"6,7,11","0.419,0.194,0.161",0.7822580645122176,moderate
Kobzx2z,31,0.9213922182949548,0.3075682785237213,5,0.7096774193548387,4,"5,17,14","0.710,0.097,0.097",0.8919354838665083,specialist
B.e.Labeu,30,1.334105175248606,0.44533524808807046,2,0.6333333333333333,4,"2,13,1","0.633,0.100,0.067",0.8333333333291666,specialist
Gravité Zéro,30,1.1691182741123385,0.39026126748147405,7,0.5666666666666667,3,"7,4,16","0.567,0.200,0.167",0.8733333333289668,specialist
Francis Tra$h,29,2.0161529937208034,0.6730084031604525,1,0.20689655172413793,5,"17,2,1","0.207,0.207,0.207",0.6982758620654744,generalist
Carré rouge,29,2.0796123397843376,0.6941916532872234,11,0.20689655172413793,8,"11,9,16","0.207,0.172,0.138",0.6706896551690605,generalist
Lapso Laps,29,2.087942428329569,0.69697230515614,2,0.2413793103448276,6,"2,15,13","0.241,0.172,0.138",0.6775862068931637,generalist
Ness & Cité,29,2.0020488715610534,0.6683003315199192,7,0.27586206896551724,7,"7,6,12","0.276,0.172,0.138",0.7051724137895777,generalist
SKS Crew,29,1.3234730901739051,0.4417861708996449,6,0.5517241379310345,5,"6,7,16","0.552,0.207,0.069",0.84999999999575,specialist
Pihpoh,28,1.5580572457499058,0.5200922857841039,0,0.5,4,"0,6,5","0.500,0.179,0.107",0.810714285710232,specialist
Fuzati,28,2.0439632438939945,0.6822916927316526,0,0.32142857142857145,7,"0,3,17","0.321,0.143,0.107",0.6892857142822678,moderate
Sly Johnson,27,1.2491844100520213,0.4169880002561276,0,0.5555555555555556,4,"0,7,17","0.556,0.185,0.111",0.8611111111068056,specialist
Snifeur baby,27,2.435569974691465,0.8130132309193383,4,0.14814814814814814,8,"4,14,10","0.148,0.148,0.111",0.5314814814788239,generalist
Sysa,26,2.344617529974871,0.7826525589996502,1,0.15384615384615385,7,"1,11,15","0.154,0.154,0.115",0.5730769230740577,generalist
Bakyl,24,1.6657069583340764,0.5560266426471958,1,0.3333333333333333,6,"1,11,2","0.333,0.208,0.167",0.7833333333294166,moderate
Zirko (SKS Crew),23,1.1885535159338096,0.39674891058397804,6,0.6521739130434783,4,"6,11,9","0.652,0.087,0.087",0.8586956521696198,specialist
Kayliah,22,1.5042228821213628,0.5021219337256817,5,0.36363636363636365,5,"5,7,0","0.364,0.227,0.182",0.8136363636322955,moderate
Tepa,22,1.3625664136253977,0.4548358428601883,6,0.5909090909090909,3,"6,7,9","0.591,0.136,0.091",0.8363636363594545,specialist
Veazy,21,2.1082942189189384,0.7037658997537056,1,0.23809523809523808,5,"1,18,14","0.238,0.190,0.143",0.6690476190442738,generalist
Fabulous Trobadors,21,1.9499684616455357,0.6509154635945448,6,0.3333333333333333,5,"6,13,4","0.333,0.143,0.143",0.7166666666630834,moderate
Bambi Cruz,21,2.1082942189189384,0.7037658997537056,0,0.23809523809523808,5,"0,6,3","0.238,0.190,0.143",0.6690476190442738,generalist
Doomams,21,2.083377640644436,0.6954485415924095,8,0.23809523809523808,4,"8,6,10","0.238,0.190,0.143",0.6738095238061548,generalist
JR O Crom,20,2.3025850929940455,0.7686217868402407,0,0.2,4,"0,2,3","0.200,0.200,0.100",0.5799999999971002,generalist
Kvra,20,1.7736748071641173,0.5920671959980977,11,0.35,4,"11,1,10","0.350,0.250,0.100",0.764999999996175,moderate
10vers,20,1.8464505986722093,0.6163603520155926,6,0.35,5,"6,16,7","0.350,0.150,0.150",0.744999999996275,moderate
Less’ du Neuf,20,1.8429895252201118,0.6152050173140735,0,0.35,3,"0,6,16","0.350,0.250,0.100",0.7399999999963,moderate
Sir Doum’s,20,1.9569067559807298,0.6532315231424706,11,0.25,4,"11,12,6","0.250,0.250,0.150",0.7149999999964249,generalist
MC Janik,19,1.6632324622181043,0.5552006355510956,15,0.3157894736842105,7,"15,5,13","0.316,0.263,0.211",0.786842105259224,moderate
Soul Swing,19,1.908133893291109,0.6369507416052876,3,0.3684210526315789,9,"3,7,11","0.368,0.158,0.105",0.7236842105226974,moderate
2 Bal,19,1.1285962936622183,0.37673469809880794,6,0.631578947368421,5,"6,3,12","0.632,0.158,0.105",0.8763157894693028,specialist
Souleymane Diamanka,17,1.2306991036577228,0.4108174533893449,0,0.4117647058823529,5,"7,0,16","0.412,0.412,0.059",0.8558823529368974,moderate
Teki Latex,17,1.5884300759888124,0.5302309855961782,3,0.5294117647058824,8,"3,4,18","0.529,0.118,0.059",0.7794117647019853,specialist
Cut Killer,15,1.415369135079188,0.47246182430049494,3,0.3333333333333333,5,"3,13,0","0.333,0.333,0.200",0.8299999999958498,moderate
Suikon Blaz AD,15,1.71408754118701,0.5721764779579251,16,0.4,7,"16,3,11","0.400,0.133,0.133",0.76999999999615,moderate
Alliance Ethnik,15,1.7140875411870102,0.5721764779579253,3,0.4,7,"3,14,15","0.400,0.133,0.133",0.76999999999615,moderate
Amalek,15,1.0437570363314084,0.34841465826088186,16,0.4666666666666667,3,"16,12,6","0.467,0.333,0.200",0.8766666666622833,moderate
LeDos,15,1.9913464134109882,0.6647277632218288,1,0.2,8,"1,12,13","0.200,0.200,0.133",0.6899999999965499,generalist
Twin Twin,14,1.7104932300550044,0.5709766674262111,5,0.2857142857142857,6,"5,0,17","0.286,0.214,0.143",0.7642857142818928,generalist
Fanny Polly,13,1.9915093613566137,0.6647821565823651,3,0.23076923076923078,8,"3,16,6","0.231,0.154,0.154",0.6884615384580964,generalist
Calbo,13,1.6260206924207543,0.5427790416303532,6,0.38461538461538464,6,"6,0,11","0.385,0.154,0.154",0.7884615384575965,moderate
Le (Vrai) Ben,13,1.7782333057997075,0.5935888602255162,3,0.3076923076923077,7,"3,7,16","0.308,0.231,0.154",0.7576923076885193,moderate
K-Rhyme Le Roi,13,1.2636256721237276,0.42180861196405367,3,0.5384615384615384,5,"3,7,10","0.538,0.231,0.077",0.8576923076880193,specialist
Boyya,13,1.0905994737794789,0.364051048021606,5,0.5384615384615384,4,"5,15,11","0.538,0.308,0.077",0.8807692307648269,specialist
Saliha,13,0.8587409130062869,0.28665475903409704,14,0.6153846153846154,3,"14,5,7","0.615,0.308,0.077",0.9038461538416349,specialist
Prodige Namor,13,1.3038755293363848,0.4352443443784549,6,0.5384615384615384,5,"6,16,3","0.538,0.154,0.154",0.84999999999575,specialist
Young Chang MC,12,1.863679987341,0.6221116632462022,6,0.25,7,"6,14,15","0.250,0.167,0.167",0.7249999999963753,generalist
Bouga,12,1.7481554572476763,0.5835486277195758,12,0.3333333333333333,7,"12,1,16","0.333,0.250,0.083",0.7583333333295417,moderate
Millésime K,12,1.4735023850806486,0.49186717988405454,16,0.3333333333333333,5,"16,3,6","0.333,0.250,0.250",0.8166666666625831,moderate
RR (FRA),12,1.9072839993213793,0.6366670400284704,17,0.3333333333333333,8,"17,1,14","0.333,0.167,0.083",0.7083333333297916,moderate
Friz,11,0.6890092384766586,0.22999693415835576,8,0.5454545454545454,2,"8,2,19","0.545,0.455,0.000",0.904545454540932,specialist
Doudou Masta,11,1.2882523050229004,0.43002918398131107,15,0.45454545454545453,4,"15,4,9","0.455,0.182,0.182",0.8409090909048862,moderate
Yanni (FRA),11,1.8462202193216335,0.6162834494990995,12,0.2727272727272727,7,"12,11,0","0.273,0.182,0.182",0.731818181814523,generalist
Bigflo,11,1.8462202193216335,0.6162834494990995,14,0.2727272727272727,7,"14,0,3","0.273,0.182,0.182",0.731818181814523,generalist
La Swija,11,0.9164648855394713,0.3059234944423862,0,0.5454545454545454,3,"0,9,7","0.545,0.364,0.091",0.8954545454500681,specialist
Vincha,11,1.3421131789144003,0.44800838538291093,17,0.36363636363636365,4,"17,15,14","0.364,0.273,0.182",0.831818181814023,moderate
Solystik,10,0.6108643020548935,0.20391151353795506,5,0.7,2,"5,0,19","0.700,0.300,0.000",0.9199999999954,specialist
Bridjahting,10,1.8866967846580784,0.6297948589443854,10,0.2,7,"18,10,11","0.200,0.200,0.200",0.7099999999964502,generalist
Silmarils,10,2.0253262207700677,0.6760705015763373,1,0.2,8,"7,1,16","0.200,0.200,0.100",0.6599999999967002,generalist
Nassi,10,1.1682824501765625,0.3899822625973746,0,0.5,4,"0,5,7","0.500,0.300,0.100",0.86999999999565,specialist
Fuckly,10,1.0296530140645737,0.34370661996542284,15,0.5,3,"15,3,14","0.500,0.300,0.200",0.8799999999956002,specialist
