topic,rank,artist,n_docs,pct_of_topic,total_topic_docs
0,1,Georgio,221,2.724694858833683,8111
0,2,Lonepsi,165,2.0342744421156453,8111
0,3,Lord Esperanza,128,1.5781038096412279,8111
0,4,Scylla,124,1.5287880655899395,8111
0,5,Hyacinthe,118,1.4548144495130069,8111
0,6,Tsew The Kid,91,1.1219331771668106,8111
0,7,Lomepal,83,1.0233016890642337,8111
0,8,Grand Corps Malade,80,0.9863148810257676,8111
0,9,JuL,76,0.9369991369744791,8111
0,10,La Fouine,76,0.9369991369744791,8111
0,11,Disiz,76,0.9369991369744791,8111
0,12,Dinos,76,0.9369991369744791,8111
0,13,Lujipeka,75,0.9246702009616571,8111
0,14,Bekar,74,0.9123412649488349,8111
0,15,Oxmo Puccino,72,0.8876833929231908,8111
0,16,Gims,71,0.8753544569103686,8111
0,17,Nekfeu,71,0.8753544569103686,8111
0,18,Swift Guad,68,0.8383676488719023,8111
0,19,Kery James,68,0.8383676488719023,8111
0,20,Bigflo & Oli,67,0.8260387128590803,8111
1,1,JuL,297,3.74905326937642,7922
1,2,Kaaris,151,1.9060843221408736,7922
1,3,La Fouine,142,1.792476647311285,7922
1,4,13 Block,118,1.4895228477657156,7922
1,5,Ninho,115,1.4516536228225196,7922
1,6,Niska,109,1.3759151729361272,7922
1,7,GLK,108,1.363292097955062,7922
1,8,Elams,106,1.338045947992931,7922
1,9,Seth Gueko,102,1.2875536480686696,7922
1,10,Leto,102,1.2875536480686696,7922
1,11,Sadek,99,1.2496844231254733,7922
1,12,Sofiane,99,1.2496844231254733,7922
1,13,Alonzo,96,1.2118151981822771,7922
1,14,Soso Maness,94,1.1865690482201465,7922
1,15,Booba,90,1.136076748295885,7922
1,16,Timal,84,1.0603382984094925,7922
1,17,Jarod,83,1.047715223428427,7922
1,18,Maes,83,1.047715223428427,7922
1,19,Lacrim,80,1.009845998485231,7922
1,20,Hooss,75,0.946730623579904,7922
2,1,JuL,478,6.038403233956544,7916
2,2,Naps,330,4.16877210712481,7916
2,3,Timal,129,1.629610914603335,7916
2,4,Hamza,106,1.3390601313794845,7916
2,5,Alonzo,100,1.263264274886306,7916
2,6,Kaaris,91,1.1495704901465387,7916
2,7,Hooss,85,1.0737746336533602,7916
2,8,Koba LaD,85,1.0737746336533602,7916
2,9,La Fouine,84,1.0611419909044972,7916
2,10,PLK,79,0.9979787771601819,7916
2,11,Rim’K,79,0.9979787771601819,7916
2,12,A2H,75,0.9474482061647296,7916
2,13,Ninho,74,0.9348155634158665,7916
2,14,Sadek,73,0.9221829206670036,7916
2,15,SCH,71,0.8969176351692775,7916
2,16,Hayce Lemsi,69,0.8716523496715513,7916
2,17,Maes,69,0.8716523496715513,7916
2,18,Leto,67,0.8463870641738251,7916
2,19,Luv Resval,66,0.833754421424962,7916
2,20,Hornet La Frappe,65,0.8211217786760991,7916
3,1,Rohff,181,2.3110316649642493,7832
3,2,Busta Flex,168,2.1450459652706844,7832
3,3,Sexion d’Assaut,167,2.1322778345250257,7832
3,4,Disiz,167,2.1322778345250257,7832
3,5,Les Sages Poètes de la Rue,100,1.2768130745658837,7832
3,6,IAM,96,1.2257405515832482,7832
3,7,Ol’ Kainry,96,1.2257405515832482,7832
3,8,Swift Guad,89,1.1363636363636365,7832
3,9,Youssoupha,88,1.1235955056179776,7832
3,10,Demi Portion,83,1.0597548518896833,7832
3,11,Rockin’ Squat,83,1.0597548518896833,7832
3,12,TSR Crew,73,0.9320735444330951,7832
3,13,Kekra,72,0.9193054136874361,7832
3,14,La Fouine,71,0.9065372829417773,7832
3,15,Bigflo & Oli,71,0.9065372829417773,7832
3,16,Akhenaton,69,0.8810010214504597,7832
3,17,Mystik,63,0.8043922369765066,7832
3,18,Alkpote,60,0.7660878447395302,7832
3,19,Dandyguel,60,0.7660878447395302,7832
3,20,Soprano,59,0.7533197139938713,7832
4,1,Alkpote,405,5.318450426789232,7615
4,2,JuL,151,1.9829284307288246,7615
4,3,Seth Gueko,143,1.8778726198292843,7615
4,4,Sexion d’Assaut,139,1.825344714379514,7615
4,5,Rohff,117,1.536441234405778,7615
4,6,Jack Uzi,111,1.4576493762311227,7615
4,7,Vald,107,1.4051214707813526,7615
4,8,Kekra,95,1.247537754432042,7615
4,9,Svinkels,95,1.247537754432042,7615
4,10,La Fouine,90,1.1818778726198294,7615
4,11,Kaaris,87,1.1424819435325018,7615
4,12,Cookiesan,83,1.0899540380827315,7615
4,13,Grems,79,1.0374261326329612,7615
4,14,Jarod,74,0.9717662508207485,7615
4,15,Hayce Lemsi,71,0.9323703217334209,7615
4,16,KIK,71,0.9323703217334209,7615
4,17,Jorrdee,67,0.8798424162836507,7615
4,18,Ol’ Kainry,66,0.8667104399212082,7615
4,19,Dosseh,65,0.8535784635587657,7615
4,20,Sadek,62,0.8141825344714378,7615
5,1,Gims,182,2.453822300121343,7417
5,2,Dadju,177,2.386409599568559,7417
5,3,JuL,158,2.130241337467979,7417
5,4,Franglish,154,2.0763111770257514,7417
5,5,Lycos,143,1.9280032358096266,7417
5,6,Tsew The Kid,129,1.7392476742618308,7417
5,7,Ridsa,125,1.6853175138196037,7417
5,8,Suzuya,119,1.6044222731562627,7417
5,9,Therapie TAXI,118,1.590939733045706,7417
5,10,Vegedream,104,1.4021841714979102,7417
5,11,KIK,82,1.10556828906566,7417
5,12,Maska,78,1.0516381286234326,7417
5,13,Jok’Air,76,1.024673048402319,7417
5,14,Boostee,76,1.024673048402319,7417
5,15,Lefa,74,0.9977079681812053,7417
5,16,Still Fresh,74,0.9977079681812053,7417
5,17,KeBlack,72,0.9707428879600917,7417
5,18,Black M,69,0.9302952676284213,7417
5,19,Dinos,68,0.9168127275178644,7417
5,20,Hatik,67,0.9033301874073075,7417
6,1,Médine,179,2.4360370168753405,7348
6,2,Kery James,140,1.905280348394121,7348
6,3,Sinik,126,1.714752313554709,7348
6,4,Keny Arkana,124,1.6875340228633642,7348
6,5,IAM,123,1.6739248775176918,7348
6,6,La Rumeur,115,1.5650517147523135,7348
6,7,Sexion d’Assaut,112,1.5242242787152966,7348
6,8,Disiz,95,1.2928688078388677,7348
6,9,Rohff,92,1.2520413718018508,7348
6,10,Sniper,90,1.2248230811105063,7348
6,11,Rockin’ Squat,90,1.2248230811105063,7348
6,12,Mysa,89,1.211213935764834,7348
6,13,Akhenaton,87,1.1839956450734894,7348
6,14,Mac Tyer,80,1.0887316276537833,7348
6,15,Youssoupha,80,1.0887316276537833,7348
6,16,VII,76,1.0342950462710943,7348
6,17,Swift Guad,75,1.0206859009254219,7348
6,18,Monsieur R,70,0.9526401741970605,7348
6,19,Demi Portion,68,0.9254218835057159,7348
6,20,Assassin (FRA),67,0.9118127381600436,7348
7,1,VII,351,5.835411471321696,6015
7,2,Lucio Bukowski,302,5.0207813798836245,6015
7,3,Keny Arkana,159,2.6433915211970076,6015
7,4,IAM,149,2.4771404821280134,6015
7,5,Akhenaton,99,1.6458852867830425,6015
7,6,Fayçal,91,1.512884455527847,6015
7,7,Scylla,81,1.346633416458853,6015
7,8,Manau,81,1.346633416458853,6015
7,9,Swift Guad,77,1.2801330008312553,6015
7,10,Dooz Kawa,75,1.2468827930174564,6015
7,11,La Rumeur,72,1.1970074812967582,6015
7,12,Lord Esperanza,70,1.1637572734829593,6015
7,13,Médine,67,1.113881961762261,6015
7,14,Kery James,61,1.0141313383208646,6015
7,15,Demi Portion,58,0.9642560266001663,6015
7,16,Mysa,56,0.9310058187863673,6015
7,17,Furax Barbarossa,54,0.8977556109725686,6015
7,18,Shurik’n,54,0.8977556109725686,6015
7,19,Grand Corps Malade,52,0.8645054031587697,6015
7,20,Nessbeal,51,0.8478802992518704,6015
8,1,Koba LaD,103,1.7308015459586625,5951
8,2,Ninho,100,1.6803898504453032,5951
8,3,Kekra,88,1.478743068391867,5951
8,4,Hamza,88,1.478743068391867,5951
8,5,Sadek,83,1.3947235758696017,5951
8,6,La Fouine,75,1.2602923878339773,5951
8,7,Leto,75,1.2602923878339773,5951
8,8,JuL,71,1.1930767938161653,5951
8,9,Djadja & Dinaz,68,1.1426650983028062,5951
8,10,PLK,68,1.1426650983028062,5951
8,11,GLK,66,1.1090573012939002,5951
8,12,Maes,66,1.1090573012939002,5951
8,13,Green Money,64,1.075449504284994,5951
8,14,Lacrim,63,1.0586456057805411,5951
8,15,Niro,62,1.041841707276088,5951
8,16,Hooss,62,1.041841707276088,5951
8,17,13 Block,58,0.974626113258276,5951
8,18,Zola,57,0.9578222147538229,5951
8,19,Timal,55,0.9242144177449169,5951
8,20,Alonzo,53,0.8906066207360107,5951
9,1,La Fouine,87,1.4783347493627867,5885
9,2,Sinik,84,1.427357689039932,5885
9,3,Sexion d’Assaut,81,1.3763806287170772,5885
9,4,JuL,75,1.274426508071368,5885
9,5,Georgio,73,1.2404418011894647,5885
9,6,Niro,63,1.070518266779949,5885
9,7,IAM,57,0.9685641461342397,5885
9,8,Oxmo Puccino,56,0.9515717926932881,5885
9,9,Rohff,55,0.9345794392523363,5885
9,10,Djadja & Dinaz,54,0.9175870858113848,5885
9,11,Kery James,53,0.9005947323704333,5885
9,12,​DA Uzi,53,0.9005947323704333,5885
9,13,Dinos,49,0.832625318606627,5885
9,14,Lacraps,48,0.8156329651656755,5885
9,15,Lacrim,47,0.7986406117247239,5885
9,16,Mac Tyer,47,0.7986406117247239,5885
9,17,Youssoupha,47,0.7986406117247239,5885
9,18,Demi Portion,47,0.7986406117247239,5885
9,19,Zamdane,46,0.7816482582837724,5885
9,20,Jarod,45,0.7646559048428208,5885
10,1,JuL,495,8.878923766816143,5575
10,2,Djadja & Dinaz,113,2.0269058295964126,5575
10,3,Niro,103,1.8475336322869955,5575
10,4,Lacrim,100,1.7937219730941705,5575
10,5,RK,79,1.4170403587443945,5575
10,6,​DA Uzi,73,1.3094170403587444,5575
10,7,Kofs,65,1.1659192825112108,5575
10,8,3010,64,1.147982062780269,5575
10,9,YL,62,1.1121076233183858,5575
10,10,Zkr,57,1.0224215246636772,5575
10,11,Rohff,53,0.9506726457399103,5575
10,12,Kamikaz,53,0.9506726457399103,5575
10,13,Naps,51,0.914798206278027,5575
10,14,Vald,50,0.8968609865470852,5575
10,15,La Fève,50,0.8968609865470852,5575
10,16,Sadek,49,0.8789237668161434,5575
10,17,Kekra,47,0.8430493273542601,5575
10,18,GLK,45,0.8071748878923767,5575
10,19,La Fouine,44,0.7892376681614349,5575
10,20,Jarod,44,0.7892376681614349,5575
11,1,JuL,146,2.717290154476084,5373
11,2,La Fouine,87,1.619207146845338,5373
11,3,Guizmo,81,1.507537688442211,5373
11,4,Lacrim,80,1.48892611204169,5373
11,5,Sinik,78,1.4517029592406476,5373
11,6,Sexion d’Assaut,75,1.3958682300390843,5373
11,7,Mac Tyer,74,1.3772566536385633,5373
11,8,Sadek,57,1.060859854829704,5373
11,9,Leto,54,1.0050251256281406,5373
11,10,Rohff,52,0.9678019728270985,5373
11,11,Mister You,52,0.9678019728270985,5373
11,12,Swift Guad,51,0.9491903964265772,5373
11,13,Salif,51,0.9491903964265772,5373
11,14,Rim’K,50,0.9305788200260562,5373
11,15,Hornet La Frappe,49,0.911967243625535,5373
11,16,13 Block,47,0.8747440908244928,5373
11,17,Maes,43,0.8002977852224082,5373
11,18,A2H,38,0.7072399032198027,5373
11,19,Ninho,38,0.7072399032198027,5373
11,20,Booba,37,0.6886283268192817,5373
12,1,Rohff,127,2.430156907768848,5226
12,2,Alpha 5.20,118,2.2579410639112134,5226
12,3,Seth Gueko,111,2.123995407577497,5226
12,4,Booba,104,1.9900497512437811,5226
12,5,La Fouine,94,1.7986988136241868,5226
12,6,Sexion d’Assaut,93,1.7795637198622274,5226
12,7,JuL,90,1.7221584385763489,5226
12,8,Alkpote,86,1.6456180635285114,5226
12,9,Mister You,83,1.588212782242633,5226
12,10,Sinik,79,1.5116724071947953,5226
12,11,Niro,66,1.2629161882893225,5226
12,12,Mac Tyer,64,1.2246460007654039,5226
12,13,Youssoupha,61,1.1672407194795253,5226
12,14,Mafia K’1 Fry,58,1.109835438193647,5226
12,15,Rim’K,55,1.052430156907769,5226
12,16,Soprano,50,0.9567546880979716,5226
12,17,113,46,0.8802143130501339,5226
12,18,Sofiane,45,0.8610792192881744,5226
12,19,El Matador,45,0.8610792192881744,5226
12,20,Kaaris,44,0.8419441255262151,5226
13,1,JuL,158,3.117600631412786,5068
13,2,Naps,101,1.9928966061562747,5068
13,3,Serane,92,1.8153117600631412,5068
13,4,Hamza,78,1.5390686661404893,5068
13,5,A2H,74,1.4601420678768744,5068
13,6,Jorrdee,73,1.4404104183109707,5068
13,7,La Fève,60,1.1838989739542225,5068
13,8,Vald,50,0.9865824782951855,5068
13,9,Lala &ce,48,0.9471191791633782,5068
13,10,J9ueve,48,0.9471191791633782,5068
13,11,Disiz,46,0.9076558800315706,5068
13,12,Luv Resval,45,0.8879242304656668,5068
13,13,Svinkels,45,0.8879242304656668,5068
13,14,Black M,44,0.8681925808997633,5068
13,15,Gérard Baste,44,0.8681925808997633,5068
13,16,La Fouine,43,0.8484609313338596,5068
13,17,Naza,41,0.808997632202052,5068
13,18,Alonzo,40,0.7892659826361484,5068
13,19,Hayce Lemsi,40,0.7892659826361484,5068
13,20,Abou Debeing,37,0.7300710339384372,5068
14,1,JuL,187,3.895833333333333,4800
14,2,La Fouine,76,1.5833333333333335,4800
14,3,Alonzo,57,1.1875,4800
14,4,Jarod,57,1.1875,4800
14,5,Kery James,54,1.125,4800
14,6,​DA Uzi,54,1.125,4800
14,7,Sinik,51,1.0625,4800
14,8,MRC,50,1.0416666666666665,4800
14,9,Disiz,48,1.0,4800
14,10,Lacrim,48,1.0,4800
14,11,Georgio,46,0.9583333333333333,4800
14,12,Rohff,45,0.9375,4800
14,13,Blacko (FRA),43,0.8958333333333334,4800
14,14,Niro,40,0.8333333333333334,4800
14,15,Black M,40,0.8333333333333334,4800
14,16,RK,40,0.8333333333333334,4800
14,17,Djadja & Dinaz,38,0.7916666666666667,4800
14,18,Soprano,37,0.7708333333333334,4800
14,19,Oxmo Puccino,36,0.75,4800
14,20,L’Algérino,36,0.75,4800
15,1,JuL,214,4.514767932489452,4740
15,2,A2H,124,2.6160337552742616,4740
15,3,Krisy,75,1.5822784810126582,4740
15,4,Jok’Air,73,1.540084388185654,4740
15,5,Franglish,69,1.4556962025316456,4740
15,6,Dadju,65,1.3713080168776373,4740
15,7,Disiz,56,1.1814345991561181,4740
15,8,Black M,55,1.160337552742616,4740
15,9,Hamza,54,1.139240506329114,4740
15,10,Lartiste,53,1.1181434599156117,4740
15,11,Naps,52,1.0970464135021099,4740
15,12,Therapie TAXI,52,1.0970464135021099,4740
15,13,KeBlack,50,1.0548523206751055,4740
15,14,Ridsa,47,0.9915611814345991,4740
15,15,Still Fresh,43,0.9071729957805906,4740
15,16,Oxmo Puccino,42,0.8860759493670887,4740
15,17,Abou Debeing,42,0.8860759493670887,4740
15,18,Elams,41,0.8649789029535865,4740
15,19,Gims,40,0.8438818565400843,4740
15,20,Maska,40,0.8438818565400843,4740
16,1,Swift Guad,95,2.165488944609072,4387
16,2,Vald,75,1.7095965352176885,4387
16,3,Rohff,63,1.4360610895828585,4387
16,4,Lucio Bukowski,62,1.4132664691132892,4387
16,5,Sexion d’Assaut,58,1.3220879872350126,4387
16,6,Médine,50,1.139731023478459,4387
16,7,La Caution,48,1.0941417825393207,4387
16,8,Lacraps,47,1.0713471620697514,4387
16,9,IAM,46,1.0485525416001824,4387
16,10,3010,44,1.0029633006610439,4387
16,11,La Rumeur,42,0.9573740597219056,4387
16,12,Mac Tyer,41,0.9345794392523363,4387
16,13,Hippocampe Fou,40,0.9117848187827673,4387
16,14,Lord Esperanza,39,0.888990198313198,4387
16,15,S-Crew,39,0.888990198313198,4387
16,16,Sinik,38,0.8661955778436289,4387
16,17,Grems,38,0.8661955778436289,4387
16,18,Demi Portion,37,0.8434009573740597,4387
16,19,Alkpote,35,0.7978117164349213,4387
16,20,Nekfeu,35,0.7978117164349213,4387
17,1,JuL,197,4.517312542994726,4361
17,2,So La Lune,103,2.3618436138500343,4361
17,3,DTF,67,1.5363448750286632,4361
17,4,Vald,55,1.2611786287548727,4361
17,5,Swift Guad,49,1.1235955056179776,4361
17,6,A2H,48,1.1006649850951618,4361
17,7,3010,48,1.1006649850951618,4361
17,8,Jorrdee,47,1.077734464572346,4361
17,9,Djadja & Dinaz,43,0.9860123824810824,4361
17,10,Lomepal,42,0.9630818619582664,4361
17,11,Guizmo,39,0.8942903003898187,4361
17,12,Naps,38,0.871359779867003,4361
17,13,Georgio,37,0.8484292593441871,4361
17,14,KIK,35,0.8025682182985553,4361
17,15,Josman,35,0.8025682182985553,4361
17,16,RK,34,0.7796376977757394,4361
17,17,Svinkels,33,0.7567071772529237,4361
17,18,Aladin 135,33,0.7567071772529237,4361
17,19,Luv Resval,32,0.7337766567301077,4361
17,20,Therapie TAXI,32,0.7337766567301077,4361
18,1,Freeze Corleone,338,8.032319391634982,4208
18,2,Retro X,153,3.635931558935361,4208
18,3,Jorrdee,138,3.279467680608365,4208
18,4,Ateyaba,129,3.0655893536121672,4208
18,5,3010,100,2.376425855513308,4208
18,6,Black Kent,94,2.2338403041825097,4208
18,7,Luv Resval,81,1.9249049429657796,4208
18,8,Gradur,77,1.8298479087452473,4208
18,9,Sexion d’Assaut,73,1.7347908745247147,4208
18,10,MZ,73,1.7347908745247147,4208
18,11,Beeby,68,1.6159695817490494,4208
18,12,Booba,66,1.5684410646387832,4208
18,13,Black M,60,1.4258555133079849,4208
18,14,Alpha 5.20,60,1.4258555133079849,4208
18,15,Jok’Air,59,1.4020912547528517,4208
18,16,La Fouine,55,1.3070342205323195,4208
18,17,667,51,1.211977186311787,4208
18,18,13 Block,48,1.1406844106463878,4208
18,19,Hamza,47,1.1169201520912548,4208
18,20,Siboy,46,1.0931558935361216,4208
19,1,Hamza,11,20.0,55
19,2,Diam’s,6,10.909090909090908,55
19,3,Luidji,6,10.909090909090908,55
19,4,Nemir,6,10.909090909090908,55
19,5,Ademo,6,10.909090909090908,55
19,6,JuL,5,9.090909090909092,55
19,7,Hooss,5,9.090909090909092,55
19,8,Sneazzy,5,9.090909090909092,55
19,9,Vegedream,5,9.090909090909092,55
