,0,1,2,3,4,5,6,7,8,9,10,11,12,13,14,15,16,17,18,19
1992,0.06666666666666667,0.0,0.0,0.24444444444444444,0.06666666666666667,0.05555555555555555,0.26666666666666666,0.05555555555555555,0.05555555555555555,0.011111111111111112,0.011111111111111112,0.011111111111111112,0.044444444444444446,0.044444444444444446,0.03333333333333333,0.011111111111111112,0.011111111111111112,0.011111111111111112,0.0,0.0
1993,0.05714285714285714,0.014285714285714285,0.03333333333333333,0.17142857142857143,0.04285714285714286,0.009523809523809525,0.12380952380952381,0.14761904761904762,0.01904761904761905,0.07142857142857142,0.009523809523809525,0.04285714285714286,0.05238095238095238,0.10952380952380952,0.01904761904761905,0.004761904761904762,0.06190476190476191,0.004761904761904762,0.004761904761904762,0.0
1994,0.05982905982905983,0.05128205128205128,0.0,0.20512820512820512,0.03418803418803419,0.042735042735042736,0.08547008547008547,0.07692307692307693,0.02564102564102564,0.017094017094017096,0.017094017094017096,0.05128205128205128,0.1111111111111111,0.008547008547008548,0.06837606837606838,0.008547008547008548,0.06837606837606838,0.017094017094017096,0.05128205128205128,0.0
1995,0.07178631051752922,0.005008347245409015,0.018363939899833055,0.18363939899833054,0.03672787979966611,0.015025041736227046,0.17195325542570952,0.08013355592654424,0.041736227045075125,0.06010016694490818,0.01335559265442404,0.06010016694490818,0.04674457429048414,0.04006677796327212,0.02003338898163606,0.0333889816360601,0.05008347245409015,0.01335559265442404,0.038397328881469114,0.0
1996,0.02666666666666667,0.02666666666666667,0.02,0.19333333333333333,0.05333333333333334,0.01,0.1,0.07,0.06,0.04666666666666667,0.04,0.07333333333333333,0.04,0.10333333333333333,0.03,0.023333333333333334,0.03666666666666667,0.02,0.02666666666666667,0.0
1997,0.05383580080753701,0.021534320323014805,0.014804845222072678,0.17227456258411844,0.04172274562584118,0.016150740242261104,0.14535666218034993,0.06460296096904442,0.040376850605652756,0.08344549125168237,0.017496635262449527,0.05518169582772544,0.05652759084791386,0.04441453566621804,0.02826379542395693,0.03230148048452221,0.05383580080753701,0.02557200538358008,0.03230148048452221,0.0
1998,0.07212622088655146,0.030803906836964687,0.021788129226145755,0.16679188580015025,0.048835462058602556,0.012772351615326822,0.1585274229902329,0.0781367392937641,0.018031555221637866,0.06611570247933884,0.025544703230653644,0.0473328324567994,0.07287753568745305,0.025544703230653644,0.04432757325319309,0.03005259203606311,0.05108940646130729,0.02329075882794891,0.006010518407212622,0.0
1999,0.05412599822537711,0.023957409050576754,0.024844720496894408,0.18101153504880213,0.055013309671694766,0.01774622892635315,0.15882874889086068,0.10470275066548358,0.015084294587400177,0.06033717834960071,0.023070097604259095,0.05323868677905945,0.0417036379769299,0.037267080745341616,0.025732031943212066,0.02040816326530612,0.06743566992014197,0.024844720496894408,0.01064773735581189,0.0
2000,0.058333333333333334,0.030555555555555555,0.017592592592592594,0.1675925925925926,0.05092592592592592,0.014814814814814815,0.15555555555555556,0.08611111111111111,0.021296296296296296,0.09166666666666666,0.021296296296296296,0.049074074074074076,0.06481481481481481,0.04351851851851852,0.022222222222222223,0.016666666666666666,0.04259259259259259,0.026851851851851852,0.018518518518518517,0.0
2001,0.08251633986928104,0.027777777777777776,0.017973856209150325,0.13970588235294118,0.05065359477124183,0.031862745098039214,0.14297385620915032,0.10620915032679738,0.010620915032679739,0.058823529411764705,0.024509803921568627,0.058823529411764705,0.07761437908496732,0.028594771241830064,0.03349673202614379,0.026143790849673203,0.05473856209150327,0.015522875816993464,0.011437908496732025,0.0
2002,0.06012884753042233,0.02720114531138153,0.012168933428775949,0.15103793843951324,0.0572655690765927,0.02791696492483894,0.12670007158196134,0.11238367931281316,0.014316392269148175,0.07015032211882606,0.012168933428775949,0.04223335719398712,0.06728704366499642,0.04509663564781675,0.031496062992125984,0.02290622763063708,0.07874015748031496,0.025053686471009307,0.015748031496062992,0.0
2003,0.054009819967266774,0.022913256955810146,0.016366612111292964,0.15711947626841244,0.06137479541734861,0.05482815057283143,0.11702127659574468,0.09410801963993454,0.01800327332242226,0.049099836333878884,0.01800327332242226,0.054009819967266774,0.08265139116202946,0.04582651391162029,0.027823240589198037,0.03927986906710311,0.04582651391162029,0.020458265139116204,0.016366612111292964,0.004909983633387889
2004,0.06624055781522371,0.02905287623474724,0.007553747821034283,0.13596746077861707,0.07030796048808832,0.06275421266705404,0.15339918651946544,0.073794305636258,0.01336432306798373,0.05229517722254503,0.023242300987797792,0.046484601975595584,0.07437536316095293,0.03312027890761186,0.05113306217315514,0.03021499128413713,0.041836141778036025,0.016269610691458453,0.018593840790238233,0.0
2005,0.060153776571687016,0.028493894165535955,0.01854364540931705,0.16191768430574402,0.06196291270918137,0.037991858887381276,0.13568521031207598,0.0741745816372682,0.014020805065581185,0.06105834464043419,0.02668475802804161,0.04613297150610583,0.08729081863410222,0.035278154681139755,0.028493894165535955,0.03211216644052465,0.060153776571687016,0.0203527815468114,0.009497964721845319,0.0
2006,0.05648792468276709,0.03397462136717151,0.010642652476463364,0.1125665165779779,0.059762586983217354,0.02783462955382726,0.17928776094965207,0.09905853458862054,0.016782644289807615,0.056078591895210805,0.019238641015145313,0.054441260744985676,0.09578387228817029,0.017191977077363897,0.029062627916496112,0.03274662300450266,0.053622595169873104,0.014735980352026197,0.030699959066721245,0.0
2007,0.058394160583941604,0.033178500331785,0.017584605175846053,0.11347047113470471,0.052753815527538155,0.021234240212342402,0.17617783676177837,0.08792302587923026,0.024220305242203054,0.049435965494359656,0.022229595222295954,0.06702057067020571,0.11745189117451892,0.029860650298606503,0.03550099535500995,0.02023888520238885,0.040145985401459854,0.0165892501658925,0.0165892501658925,0.0
2008,0.05367934589406328,0.05083540703874867,0.012442232492001421,0.11660149306789903,0.0767863490934945,0.027728403839317455,0.1496622822609314,0.08922858158549592,0.02523995734091717,0.06576608602915038,0.02808389619623178,0.061500177746178455,0.09633842872378244,0.02132954141485958,0.030572342694632066,0.013153217205830075,0.04514752932811945,0.01848560255954497,0.01741912548880199,0.0
2009,0.06491935483870968,0.036290322580645164,0.020161290322580645,0.12580645161290321,0.08024193548387097,0.027822580645161292,0.12782258064516128,0.08790322580645162,0.018548387096774192,0.05846774193548387,0.02379032258064516,0.05846774193548387,0.11008064516129032,0.016129032258064516,0.025806451612903226,0.018951612903225806,0.0407258064516129,0.027822580645161292,0.03024193548387097,0.0
2010,0.06386929075380617,0.051986632008911994,0.0363906424062384,0.11771258819160788,0.08763460824359451,0.028592647604901596,0.1058299294467137,0.08726327515781657,0.02116598588934274,0.04790196806535462,0.020423319717786857,0.055699962866691426,0.08169327887114743,0.041217972521351655,0.03564797623468251,0.02227998514667657,0.04790196806535462,0.014481990345339769,0.032305978462681025,0.0
2011,0.06974581525108493,0.04122752634841909,0.02634841909485431,0.13205207687538748,0.09020458772473651,0.03068815871047737,0.10260384376937384,0.0750154990700558,0.023248605083694977,0.06106633601983881,0.02262864228146311,0.04215747055176689,0.09082455052696838,0.026968381897086176,0.033168009919404835,0.02417854928704278,0.04835709857408556,0.019218846869187848,0.039367637941723495,0.0009299442033477991
2012,0.05714285714285714,0.04251968503937008,0.026771653543307086,0.14465691788526433,0.08931383577052869,0.022722159730033747,0.0890888638920135,0.0767154105736783,0.024296962879640047,0.06141732283464567,0.02609673790776153,0.05219347581552306,0.07289088863892014,0.022722159730033747,0.034420697412823394,0.024746906636670417,0.05691788526434196,0.03262092238470191,0.04139482564679415,0.0013498312710911137
2013,0.08386038884984774,0.046615132349496366,0.03232607167955025,0.11197001639728274,0.08620285781213399,0.033263059264464746,0.0646521433591005,0.07636448817053174,0.027406886858749122,0.06371515577418599,0.02834387444366362,0.04193019442492387,0.05668774888732724,0.03302881236823612,0.03537128133052237,0.03138908409463575,0.06582337784024361,0.030217849613492623,0.05036308268915437,0.00046849379245724994
2014,0.07689169895982052,0.06465429328982256,0.04507444421782582,0.08199061798898634,0.08729349377931879,0.03467264939832755,0.05323271466449113,0.05996328778299,0.034876606159494186,0.05384458494799103,0.043238833367326125,0.04201509280032633,0.05017336324699164,0.037732000815827046,0.035488476442994084,0.03304099530899449,0.043646746889659395,0.029981643891495,0.09218845604731797,0.0
2015,0.07350067638659251,0.07680745528333083,0.052307229821133325,0.0707951300165339,0.07785961220502029,0.044641515105967235,0.04779798587103562,0.04824891026604539,0.046445212686006314,0.0566661656395611,0.05456185179618217,0.04749736960769577,0.04945137531940478,0.03983165489252968,0.043138433789268,0.034420562152412446,0.04404028257928754,0.03381932962573275,0.058169246956260336,0.0
2016,0.06361667569030861,0.08256632376827287,0.06727125067677314,0.04710341093665403,0.07552788305360043,0.062263129399025445,0.0418245804006497,0.03979426096372496,0.05075798592311857,0.04805089334055224,0.057390362750406064,0.04209528965890633,0.036816459122902004,0.052652950730915,0.0518408229561451,0.04750947482403898,0.03546291283161884,0.03586897671900379,0.0602328099621007,0.0013535462912831618
2017,0.07489514679448772,0.0732174955062912,0.07357699221090473,0.03930497303774715,0.074415817855003,0.07872977831036548,0.03331336129418814,0.043858597962852006,0.0548831635710006,0.0408627920910725,0.06195326542840024,0.03894547633313361,0.03367285799880168,0.05236668663870581,0.04158178550029958,0.05356500898741762,0.03654883163571001,0.04889155182744158,0.04541641701617735,0.0
2018,0.06683088786548141,0.08610902859590876,0.08214629966798757,0.028917211095640997,0.0680089964656742,0.09221377316054408,0.033201242369069295,0.028167505622791047,0.062118453464710295,0.046588840098532716,0.0680089964656742,0.05012316589911106,0.028167505622791047,0.04787404948056121,0.04808825104423262,0.053871693263360824,0.029452715004819535,0.045410731498339935,0.03384384706008354,0.0008568062546856592
2019,0.074719800747198,0.08634288086342881,0.10305105853051058,0.02231216272312163,0.06122872561228725,0.09661685346616854,0.020755500207555,0.023868825238688253,0.07907845579078455,0.044001660440016604,0.06548360315483603,0.04690743046907431,0.02002905770029058,0.05251141552511415,0.05033208800332088,0.05469074304690743,0.023557492735574927,0.04099211290992113,0.033208800332088007,0.00031133250311332503
2020,0.06491532783326097,0.08684324793747286,0.11528441163699522,0.019865392965696917,0.05460269214068606,0.09183673469387756,0.02312201476335215,0.03050369083803734,0.08488927485887972,0.038862353452019105,0.06252713851498046,0.03897090751194095,0.018671298306556665,0.06513243595310464,0.04233608336951802,0.05362570560138949,0.02301346070343031,0.05134607034303083,0.03300043421623969,0.0006513243595310464
2021,0.07951996410946613,0.09522207267833109,0.12483176312247644,0.016150740242261104,0.04542395693135935,0.0955585464333782,0.025684163301929117,0.028936742934051143,0.07828622700762673,0.04262000897263347,0.06067743382682817,0.04699416778824585,0.0177209510991476,0.04856437864513235,0.04497532525796321,0.0477792732166891,0.025684163301929117,0.05327501121579183,0.02209510991475998,0.0
2022,0.08054169636493229,0.09265858873841767,0.11446899501069138,0.017248752672843905,0.049607982893799,0.09351389878831076,0.028367783321454027,0.03578047042052744,0.07099073414112615,0.04476122594440485,0.0601568068424804,0.04119743406985032,0.015253029223093371,0.051461154668567356,0.04803991446899501,0.05288667141838917,0.030791161796151104,0.05032074126870991,0.02195295794725588,0.0
2023,0.08237378210806023,0.09052258635961027,0.11868910540301152,0.013817537643932684,0.044641275465013286,0.09973427812223207,0.020903454384410984,0.0295837023914969,0.08361381753764394,0.05491585473870682,0.061647475642161206,0.03684676705048716,0.010451727192205492,0.043401240035429584,0.04836138175376439,0.04481842338352524,0.021966341895482727,0.05969884853852967,0.032063773250664306,0.0019486271036315323
