artist,n_docs,entropy,normalized_entropy,dominant_topic,dominant_ratio,n_significant_topics,top_3_topics,top_3_ratios,gini_coefficient,classification
JuL,2878,2.334922985434067,0.7794164405299236,0,0.29082696316886725,3,"0,5,15","0.291,0.253,0.055",0.5523280055566551,generalist
La Fouine,1191,2.6206615718114574,0.8747983239177887,0,0.2502099076406381,5,"0,5,1","0.250,0.139,0.067",0.4374895046157805,generalist
Rohff,1095,2.6360504644007006,0.8799352624636976,0,0.2054794520547945,6,"0,5,15","0.205,0.153,0.104",0.4492694063904477,generalist
Sexion d’Assaut,1023,2.5260797522864937,0.8432261369236697,0,0.24437927663734116,3,"0,5,15","0.244,0.211,0.069",0.4741446725293987,generalist
Alkpote,889,2.514059371833985,0.8392136353531443,0,0.2958380202474691,4,"0,5,9","0.296,0.148,0.069",0.48183352080748987,generalist
Naps,854,2.1154445190192837,0.7061527285646335,0,0.34192037470725994,2,"0,5,6","0.342,0.287,0.041",0.6262295081935902,moderate
Disiz,849,2.552006625155917,0.8518807397058684,5,0.22968197879858657,3,"5,0,4","0.230,0.216,0.059",0.461425206122546,generalist
Swift Guad,797,2.542804894813204,0.8488091266568838,0,0.24215809284818068,5,"0,5,15","0.242,0.192,0.068",0.483751568379012,generalist
IAM,745,2.529618721974603,0.8444074740275728,5,0.29395973154362415,4,"5,0,1","0.294,0.141,0.063",0.4773825503331837,generalist
Sinik,744,2.6354196550405447,0.8797246931262022,5,0.22983870967741934,5,"5,0,15","0.230,0.171,0.062",0.41895161290113153,generalist
Lacrim,732,2.4931909128003764,0.8322475725918512,5,0.24726775956284153,4,"5,0,7","0.247,0.199,0.101",0.5071038251340766,generalist
Sadek,721,2.364162652556437,0.7891768812009725,0,0.3356449375866852,3,"0,5,15","0.336,0.187,0.054",0.5390429958364172,moderate
Niro,713,2.5579341097556005,0.8538593826747382,0,0.24544179523141654,6,"0,5,7","0.245,0.147,0.087",0.49333800841268066,generalist
Mac Tyer,704,2.55022862336793,0.8512872281281875,0,0.26988636363636365,4,"0,5,1","0.270,0.159,0.065",0.47215909090673025,generalist
Gims,703,2.341744804633487,0.781693619722351,0,0.2958748221906117,3,"0,5,15","0.296,0.248,0.053",0.5447368421025396,generalist
Booba,676,2.676857522760012,0.8935569931902889,0,0.21597633136094674,6,"0,5,1","0.216,0.139,0.074",0.4173076923056058,generalist
Alonzo,666,2.3763991427456586,0.7932615219738626,0,0.2957957957957958,4,"0,5,15","0.296,0.216,0.065",0.5498498498471007,generalist
Vald,659,2.5134172954283795,0.8389993049834803,0,0.26858877086494687,5,"0,5,7","0.269,0.182,0.061",0.4923368740491317,generalist
Jorrdee,656,2.207100111863933,0.7367481170957699,5,0.30640243902439024,3,"5,0,12","0.306,0.288,0.062",0.5929878048750838,moderate
A2H,649,2.3507189834093447,0.7846892741922382,0,0.288135593220339,3,"0,5,12","0.288,0.239,0.055",0.5555469953747261,generalist
Kaaris,637,2.3649888580237097,0.7894526753614074,0,0.31240188383045525,3,"0,5,1","0.312,0.209,0.057",0.5487441130270836,moderate
Kekra,634,2.212848800324032,0.7386670764469937,0,0.38485804416403785,2,"0,5,9","0.385,0.210,0.033",0.5664037854861272,moderate
3010,623,2.1262530202381784,0.7097606949087261,5,0.3756019261637239,2,"5,0,15","0.376,0.250,0.042",0.6166131621156972,moderate
Seth Gueko,613,2.507720553656769,0.8370976858628729,0,0.29200652528548127,2,"0,5,1","0.292,0.176,0.049",0.46353996737125497,generalist
Guizmo,594,2.5614380666659704,0.8550290322263028,5,0.21043771043771045,5,"5,0,2","0.210,0.200,0.076",0.48619528619285496,generalist
Lucio Bukowski,590,2.3532273248522624,0.7855265791360281,5,0.35423728813559324,2,"5,0,8","0.354,0.169,0.044",0.5376271186413798,moderate
Jarod,583,2.4437147866106894,0.8157320359310964,5,0.25728987993138935,3,"5,0,15","0.257,0.233,0.058",0.5136363636337955,generalist
VII,580,2.2845346807091906,0.7625964111936244,5,0.41724137931034483,3,"5,0,15","0.417,0.116,0.062",0.5351724137904277,moderate
Georgio,576,2.4979225607989943,0.8338270354965935,5,0.2326388888888889,4,"5,0,9","0.233,0.212,0.073",0.5116319444418862,generalist
Djadja & Dinaz,568,2.1871137694883176,0.7300765121088849,0,0.3274647887323944,2,"0,5,7","0.327,0.275,0.039",0.5964788732364544,moderate
Hamza,561,2.0988447456954566,0.7006115880994563,0,0.3778966131907308,2,"0,5,12","0.378,0.253,0.043",0.6344919786064531,moderate
Dinos,557,2.4957864193718375,0.8331139739703636,0,0.2495511669658887,3,"0,5,12","0.250,0.210,0.077",0.495242369835944,generalist
Ol’ Kainry,557,2.4877117395666493,0.8304185796334027,0,0.2495511669658887,3,"0,5,15","0.250,0.228,0.061",0.483752244162752,generalist
Hayce Lemsi,555,2.7027538919779124,0.9022014136034582,0,0.22162162162162163,5,"0,5,15","0.222,0.130,0.063",0.3867567567548232,generalist
Kery James,555,2.5522497539712443,0.8519618980982501,5,0.23963963963963963,4,"5,0,3","0.240,0.198,0.050",0.45990990990761044,generalist
Soprano,549,2.458967508996037,0.8208235197462549,5,0.24772313296903462,3,"5,0,3","0.248,0.237,0.066",0.5075591985402674,generalist
Ninho,545,2.5038142553826,0.8357937314645935,0,0.30642201834862387,5,"0,5,15","0.306,0.134,0.062",0.4883486238507694,moderate
Oxmo Puccino,542,2.3186319004068374,0.7739783427496094,5,0.34686346863468637,3,"5,0,1","0.347,0.173,0.061",0.575830258299704,moderate
Jok’Air,541,2.369367645640092,0.790914350576859,0,0.34935304990757854,2,"0,5,6","0.349,0.174,0.046",0.516173752307955,moderate
Médine,539,2.503572213119888,0.8357129357723853,5,0.2560296846011132,3,"5,0,15","0.256,0.215,0.054",0.4793135435968613,generalist
Dosseh,535,2.578655538435952,0.8607763654983631,0,0.2691588785046729,5,"0,5,15","0.269,0.146,0.065",0.4531775700911921,generalist
Mister You,535,2.3912911063969933,0.798232581565135,0,0.2504672897196262,5,"0,5,11","0.250,0.222,0.099",0.5701869158849997,generalist
PLK,511,2.451043912091943,0.8181785581206641,0,0.27788649706457924,3,"0,5,9","0.278,0.209,0.061",0.5130136986275722,generalist
Black M,501,2.281701059471871,0.7616505251869427,0,0.3273453093812375,3,"0,5,15","0.327,0.240,0.054",0.5653692614742192,moderate
Leto,500,2.296956412708986,0.7667428872019958,0,0.398,4,"0,5,9","0.398,0.106,0.062",0.5639999999971801,moderate
Hooss,486,2.4805469146322414,0.828026902313751,0,0.3004115226337449,7,"0,5,15","0.300,0.128,0.074",0.5176954732484405,moderate
Youssoupha,484,2.5619818234801826,0.8552105427100707,0,0.23140495867768596,4,"0,5,1","0.231,0.190,0.091",0.47231404958441536,generalist
Lord Esperanza,471,2.5302552070852324,0.8446199379771213,0,0.22929936305732485,6,"0,5,12","0.229,0.212,0.062",0.48949044585742535,generalist
KIK,469,2.344909953757302,0.782750172456304,5,0.34328358208955223,2,"5,0,12","0.343,0.181,0.045",0.5512793176944717,moderate
Beeby,469,2.497944161122317,0.8338342458616563,0,0.2281449893390192,5,"0,5,15","0.228,0.222,0.066",0.510767590615783,generalist
Nekfeu,465,2.5137791569245462,0.8391200973184166,5,0.26021505376344084,3,"5,0,12","0.260,0.191,0.065",0.4910752688147489,generalist
Akhenaton,464,2.4740260859161873,0.8258501962130025,5,0.3254310344827586,5,"5,0,9","0.325,0.129,0.056",0.4967672413768267,moderate
GLK,462,2.315131449962027,0.772809863685004,0,0.3484848484848485,3,"0,5,10","0.348,0.175,0.061",0.5703463203434688,moderate
YL,461,2.2476928798516895,0.7502983159390062,0,0.2885032537960954,3,"0,5,15","0.289,0.282,0.056",0.5883947939233054,generalist
RK,460,2.4254651379367806,0.809640153543937,0,0.31521739130434784,3,"0,5,7","0.315,0.176,0.061",0.5180434782582795,moderate
Luv Resval,459,2.349308195420974,0.7842183415922775,0,0.3333333333333333,3,"0,5,12","0.333,0.179,0.092",0.5471677559885496,moderate
13 Block,450,2.387138317520699,0.7968463465824716,0,0.3,2,"0,5,8","0.300,0.227,0.047",0.5186666666640735,moderate
Sofiane,448,2.490609405891722,0.8313858444155907,0,0.25,6,"0,5,15","0.250,0.181,0.076",0.5261160714259413,generalist
Elams,447,2.1977259360168917,0.7336189403232675,0,0.36017897091722595,3,"0,5,15","0.360,0.230,0.069",0.5949664429500454,moderate
Hornet La Frappe,444,2.268112067489726,0.7571144082241196,0,0.3536036036036036,3,"0,5,2","0.354,0.196,0.056",0.5925675675646046,moderate
Scylla,441,2.2576673072063413,0.7536278615872288,5,0.3877551020408163,2,"5,0,9","0.388,0.177,0.039",0.5613378684779189,moderate
Rim’K,441,2.5076969709599255,0.8370898137652721,0,0.272108843537415,2,"0,5,9","0.272,0.186,0.048",0.47993197278671595,generalist
SCH,440,2.338306019392916,0.7805457250086182,0,0.2863636363636364,3,"0,5,7","0.286,0.250,0.059",0.5568181818153977,generalist
Keny Arkana,437,2.5073044679796452,0.8369587930516572,5,0.2608695652173913,5,"5,0,9","0.261,0.178,0.073",0.5040045766565189,generalist
Freeze Corleone,437,2.2955900096641666,0.76628677066018,0,0.3684210526315789,4,"0,12,5","0.368,0.130,0.108",0.5763157894708028,moderate
Bigflo & Oli,434,2.5866247220458263,0.8634365443401859,0,0.20506912442396313,5,"0,5,9","0.205,0.203,0.071",0.4670506912419043,generalist
Demi Portion,433,2.5850794501918286,0.8629207199230178,5,0.21939953810623555,5,"5,0,1","0.219,0.185,0.099",0.46385681293070635,generalist
Lefa,432,2.458255861548123,0.8205859659921372,0,0.31712962962962965,4,"0,5,8","0.317,0.160,0.051",0.4990740740715787,moderate
​DA Uzi,419,2.4159590889231404,0.8064669564269721,5,0.2744630071599045,4,"5,0,1","0.274,0.212,0.076",0.5442720763695938,generalist
Niska,418,2.2872380312663805,0.7634988117789687,0,0.36363636363636365,3,"0,5,15","0.364,0.179,0.065",0.5770334928200814,moderate
Busta Flex,417,2.5309516169147335,0.8448524052892536,5,0.19424460431654678,4,"5,0,15","0.194,0.163,0.137",0.5053956834507106,generalist
Lartiste,414,2.26932549536915,0.7575194604012236,0,0.3333333333333333,3,"0,5,11","0.333,0.227,0.056",0.5835748792241351,moderate
Maes,401,2.3191723420455133,0.7741587466005967,0,0.3690773067331671,3,"0,5,1","0.369,0.147,0.057",0.5629675810445671,moderate
Hatik,396,2.239123704360158,0.7474378548867354,0,0.34595959595959597,2,"0,5,19","0.346,0.230,0.043",0.5909090909061365,moderate
Grems,394,2.233257166067046,0.7454795562948014,5,0.30456852791878175,2,"5,0,15","0.305,0.282,0.043",0.5847715736011374,moderate
La Fève,393,2.0457477644867774,0.6828873803398332,5,0.32061068702290074,4,"5,0,12","0.321,0.316,0.056",0.6726463104292071,moderate
Canardo,389,2.4441166503880347,0.8158661813555368,0,0.2802056555269923,3,"0,5,1","0.280,0.211,0.051",0.5073264781465638,generalist
Sultan,386,2.3659953498800914,0.7897886505970007,5,0.32124352331606215,4,"5,0,11","0.321,0.192,0.054",0.5541450777174366,moderate
Naza,382,2.056248178770996,0.6863925047386038,0,0.44502617801047123,2,"0,5,6","0.445,0.199,0.031",0.6196335078503052,moderate
L’Algérino,380,2.540420373191047,0.8480131537846726,0,0.2631578947368421,4,"0,5,1","0.263,0.161,0.066",0.48421052631336864,generalist
Sniper,379,2.596826048185846,0.8668418306636921,5,0.2612137203166227,3,"5,0,15","0.261,0.153,0.063",0.4373350923460983,generalist
S-Crew,378,2.5096197331966703,0.8377316475678849,0,0.2328042328042328,3,"0,5,15","0.233,0.230,0.069",0.4833333333309169,generalist
Timal,372,2.1380667042806523,0.7137041995225274,0,0.34408602150537637,2,"0,5,9","0.344,0.277,0.043",0.6182795698893818,moderate
Rockin’ Squat,370,2.511072141196148,0.8382164732688661,5,0.2864864864864865,2,"5,0,16","0.286,0.173,0.049",0.47567567567329744,generalist
Lomepal,370,2.3982085270649667,0.800541673311764,5,0.2594594594594595,3,"5,0,15","0.259,0.238,0.081",0.5486486486459056,generalist
Diam’s,369,2.279833055512341,0.7610269701463201,5,0.3170731707317073,2,"5,0,15","0.317,0.238,0.049",0.5814363143602368,moderate
Koba LaD,367,2.3549690541483126,0.786107982658441,0,0.3542234332425068,3,"0,5,15","0.354,0.153,0.065",0.5505449591253124,moderate
Josman,367,2.603522996599648,0.8690773269638529,0,0.22615803814713897,5,"0,5,12","0.226,0.163,0.082",0.4559945504064395,generalist
MZ,367,2.569848784072943,0.8578365986704811,0,0.23705722070844687,4,"0,5,15","0.237,0.188,0.074",0.46416893732737957,generalist
Ateyaba,362,2.467498821553685,0.8236713418406928,0,0.3011049723756906,3,"0,5,11","0.301,0.169,0.066",0.49668508287044477,moderate
Maska,356,2.0656793084645204,0.6895406931721235,5,0.37359550561797755,3,"5,0,12","0.374,0.264,0.051",0.646067415727107,moderate
Svinkels,354,2.333416658930922,0.7789136163902491,0,0.3107344632768362,3,"0,5,4","0.311,0.232,0.051",0.5508474576243645,moderate
Dadju,353,2.1056416071646185,0.7028804361968527,5,0.34560906515580736,2,"5,0,15","0.346,0.286,0.042",0.6332861189770036,moderate
Les Sages Poètes de la Rue,351,2.538250699950432,0.847288899064126,5,0.2621082621082621,5,"5,9,0","0.262,0.134,0.108",0.49415954415707347,generalist
So La Lune,350,2.1213351809942016,0.7081190798393853,0,0.32,2,"0,5,15","0.320,0.297,0.043",0.6388571428539489,moderate
Despo Rutti,350,2.5870045259463166,0.8635633259968256,0,0.21142857142857144,5,"5,0,15","0.211,0.211,0.054",0.4488571428548989,generalist
Krisy,350,2.3735706340884892,0.7923173425883617,5,0.29428571428571426,3,"5,0,15","0.294,0.223,0.071",0.5459999999972701,generalist
Fababy,346,2.341967760850788,0.781768044336082,0,0.3352601156069364,3,"0,5,11","0.335,0.197,0.061",0.54999999999725,moderate
Gradur,344,2.3437931496215985,0.7823773740772357,0,0.31976744186046513,5,"0,5,15","0.320,0.166,0.078",0.5886627906947313,moderate
Damso,343,2.4038618525367257,0.8024287997154369,0,0.27988338192419826,2,"0,5,9","0.280,0.242,0.047",0.508892128277339,generalist
Still Fresh,341,2.346383802597579,0.7832421552857738,5,0.2991202346041056,4,"5,0,9","0.299,0.226,0.056",0.5634897360675637,generalist
Sneazzy,340,2.3564926733499783,0.7866165792426939,0,0.2852941176470588,4,"0,5,6","0.285,0.235,0.053",0.5611764705854295,generalist
Salif,339,2.7094212519869854,0.9044270330514749,0,0.17994100294985252,6,"0,5,15","0.180,0.162,0.077",0.3921828908534963,generalist
Psy 4 de la Rime,337,2.5056866698571607,0.8364187587713023,5,0.26112759643916916,4,"5,0,1","0.261,0.199,0.068",0.49183976260881673,generalist
Roshi,330,2.0252465019802797,0.6760438907905565,0,0.3333333333333333,2,"0,5,2","0.333,0.321,0.045",0.6593939393906425,moderate
Zikxo,329,2.48114620778757,0.8282269512836202,5,0.23708206686930092,5,"5,0,7","0.237,0.222,0.085",0.5132218844959141,generalist
OrelSan,328,2.5522521839271244,0.8519627092374502,0,0.2073170731707317,7,"0,5,15","0.207,0.198,0.079",0.4957317073145947,generalist
Franglish,326,2.2505931716408503,0.7512664571226374,0,0.34662576687116564,3,"0,5,4","0.347,0.209,0.055",0.5981595091994634,moderate
La Rumeur,325,2.4795976989252937,0.827710046326543,5,0.3446153846153846,4,"5,0,15","0.345,0.095,0.062",0.46969230768995934,moderate
Lacraps,324,2.3795539433579327,0.7943146202897984,5,0.26851851851851855,4,"5,0,1","0.269,0.235,0.074",0.5543209876515494,generalist
Tsew The Kid,323,2.015148992791895,0.6726732594168772,5,0.4148606811145511,2,"5,0,4","0.415,0.245,0.040",0.6558823529378971,moderate
Kamikaz,322,2.5174448288084847,0.8403437286543336,0,0.2236024844720497,5,"0,5,15","0.224,0.189,0.102",0.5142857142831428,generalist
Black Kent,319,2.504650512975752,0.8360728811070812,0,0.21630094043887146,7,"0,5,3","0.216,0.210,0.075",0.5158307210005558,generalist
Nessbeal,319,2.565714428803372,0.8564565169769105,0,0.2476489028213166,6,"0,5,1","0.248,0.144,0.075",0.48636363636120455,generalist
MC Solaar,317,2.546232841668405,0.8499534034286977,5,0.2618296529968454,4,"5,0,1","0.262,0.164,0.069",0.4815457413225136,generalist
Benab,317,2.084196460375987,0.6957218703336924,0,0.3722397476340694,2,"0,5,1","0.372,0.268,0.041",0.6307570977886446,moderate
DTF,315,2.551627353528773,0.8517541357264368,0,0.24761904761904763,6,"0,5,12","0.248,0.137,0.089",0.5017460317435233,generalist
Retro X,313,2.3480171056754164,0.7837873652473768,0,0.2971246006389776,4,"0,5,12","0.297,0.227,0.067",0.560223642169723,generalist
Neg’ Marrons,308,2.6579281783827313,0.8872382228033665,5,0.18831168831168832,7,"5,0,1","0.188,0.172,0.081",0.434090909088739,generalist
H Magnum,308,2.2729332134194173,0.7587237462721994,0,0.31493506493506496,4,"0,5,3","0.315,0.247,0.062",0.5834415584386413,moderate
Furax Barbarossa,307,2.4367989738744993,0.8134234809252829,5,0.2964169381107492,3,"5,0,1","0.296,0.199,0.052",0.510260586316667,generalist
D. Ace,306,2.3086129699496984,0.7706339416008202,0,0.27450980392156865,4,"0,5,2","0.275,0.261,0.056",0.575816993461173,generalist
Green Money,306,2.450840856041471,0.8181107763458156,0,0.24836601307189543,4,"0,5,1","0.248,0.225,0.072",0.5202614379058954,generalist
TiTo Prince,305,2.0471929581672854,0.6833697978419798,5,0.36721311475409835,2,"5,0,9","0.367,0.285,0.039",0.6490163934393778,moderate
Aladin 135,305,2.481739273585994,0.828424921510686,5,0.25245901639344265,5,"5,0,15","0.252,0.207,0.072",0.5139344262269386,generalist
Youv Dee,303,2.1844911160898635,0.7292010488968994,0,0.30033003300330036,3,"0,5,12","0.300,0.294,0.066",0.6173267326701808,moderate
Alpha 5.20,302,2.399733827413804,0.8010508310767293,0,0.32450331125827814,5,"0,5,15","0.325,0.156,0.076",0.5456953642356823,moderate
Nakk Mendosa,300,2.6299551723225267,0.8779006039823699,5,0.17666666666666667,5,"5,0,3","0.177,0.160,0.133",0.45766666666437833,generalist
Kalash Criminel,300,2.3984372206841607,0.8006180131172975,0,0.35333333333333333,3,"0,5,15","0.353,0.107,0.097",0.5336666666639985,moderate
S.Pri Noir,298,2.360824621464023,0.7880626190481487,0,0.30201342281879195,4,"0,5,19","0.302,0.215,0.050",0.5510067114066414,moderate
Mystik,298,2.6099000670847614,0.8712060453881959,5,0.22818791946308725,6,"5,0,3","0.228,0.171,0.057",0.4446308724809985,generalist
KeBlack,296,2.1197783636762413,0.7075994014516656,0,0.35135135135135137,2,"0,5,16","0.351,0.270,0.044",0.6310810810779257,moderate
Sam’s,296,2.6423117204290762,0.8820253210726225,0,0.20945945945945946,6,"0,5,15","0.209,0.125,0.108",0.44797297297073313,generalist
Sopico,294,2.2338472615032603,0.7456765349906027,5,0.30952380952380953,4,"5,0,7","0.310,0.272,0.054",0.5904761904732382,moderate
Bolémvn,292,2.162294300896781,0.7217915699561297,0,0.3561643835616438,2,"0,5,15","0.356,0.264,0.038",0.5914383561614263,moderate
Lujipeka,290,2.3325420902843517,0.7786216782039529,5,0.296551724137931,3,"5,0,12","0.297,0.231,0.059",0.5703448275833553,generalist
TSR Crew,290,2.482066574415264,0.8285341772115907,5,0.2689655172413793,4,"5,0,15","0.269,0.186,0.066",0.5072413793078085,generalist
ISK,289,2.4331772609026268,0.8122145234347072,0,0.28027681660899656,4,"0,5,4","0.280,0.208,0.066",0.5288927335613695,generalist
Bekar,288,2.3023344170833595,0.768538109165537,5,0.2777777777777778,5,"5,0,12","0.278,0.257,0.059",0.5861111111081806,generalist
Grand Corps Malade,286,2.4274873100520757,0.8103151711792399,5,0.33916083916083917,4,"5,0,9","0.339,0.133,0.070",0.5153846153820386,moderate
Lonepsi,286,1.9306303759013548,0.6444602519873877,5,0.527972027972028,2,"5,0,15","0.528,0.112,0.045",0.6604895104862083,specialist
Ridsa,285,2.4948179940340744,0.8327907056508571,0,0.2631578947368421,3,"0,5,15","0.263,0.200,0.081",0.4928070175413955,generalist
El Matador,285,2.644741525519197,0.882836409937796,0,0.23859649122807017,5,"0,5,1","0.239,0.119,0.074",0.4233333333312168,generalist
La Caution,285,1.8725727805909091,0.62508015056011,5,0.5403508771929825,2,"5,0,16","0.540,0.126,0.046",0.6685964912247273,specialist
Davodka,284,2.5085495368277813,0.8373744072435954,0,0.22183098591549297,5,"0,5,15","0.222,0.211,0.074",0.5116197183073011,generalist
Therapie TAXI,284,2.0524235895135208,0.6851158254801673,5,0.4225352112676056,2,"5,0,4","0.423,0.211,0.046",0.647535211264368,moderate
Zamdane,281,2.412570154684356,0.8053357023864487,5,0.29537366548042704,4,"5,0,12","0.295,0.185,0.100",0.5407473309581504,generalist
Roméo Elvis,280,2.2443212696696277,0.749172844810686,5,0.3607142857142857,2,"5,0,12","0.361,0.221,0.043",0.5664285714257393,moderate
Soso Maness,279,2.3840461021656303,0.7958141397386336,0,0.2831541218637993,5,"0,5,10","0.283,0.186,0.097",0.5765232974881568,generalist
Sefyu,279,2.3728362563890895,0.7920722012898943,5,0.26523297491039427,3,"5,0,3","0.265,0.251,0.050",0.5514336917535155,generalist
113,279,2.5514369360138343,0.8516905727983942,0,0.2724014336917563,5,"0,5,2","0.272,0.133,0.072",0.4779569892449221,generalist
Zkr,277,2.4090064483912665,0.8041461080009459,0,0.27075812274368233,6,"0,5,9","0.271,0.213,0.061",0.5503610108275732,generalist
Dooz Kawa,275,2.3952949176702036,0.7995690866021691,5,0.32727272727272727,5,"5,0,1","0.327,0.156,0.055",0.54599999999727,moderate
4Keus,274,2.252446231849656,0.7518850238167188,0,0.35766423357664234,3,"0,5,15","0.358,0.204,0.055",0.5795620437927225,moderate
404Billy,274,2.5248428180235285,0.8428132381229708,0,0.24087591240875914,5,"0,5,1","0.241,0.208,0.062",0.48722627736982677,generalist
Soolking,273,2.0612249117457773,0.6880537790182567,0,0.4175824175824176,2,"0,5,2","0.418,0.223,0.040",0.6386446886414959,moderate
Mister V,273,2.240004300520472,0.7477318051065491,0,0.3076923076923077,2,"0,5,1","0.308,0.267,0.044",0.59249084248788,moderate
Hyacinthe,272,2.2426834191331686,0.7486261168701027,5,0.33088235294117646,3,"5,0,11","0.331,0.243,0.055",0.591544117644101,moderate
Kofs,271,2.5471576953116823,0.8502621271592666,5,0.2177121771217712,5,"5,0,7","0.218,0.181,0.100",0.49760147601227195,generalist
Abou Debeing,269,2.126611806871931,0.7098804608293726,0,0.3382899628252788,2,"0,5,12","0.338,0.286,0.041",0.6254646840117428,moderate
Vegedream,265,2.0094678891467765,0.6707768604311365,0,0.38113207547169814,2,"0,5,15","0.381,0.272,0.045",0.6745283018834197,moderate
Dry,265,2.418433230772475,0.8072928452659636,5,0.2528301886792453,3,"5,0,15","0.253,0.238,0.060",0.537924528299197,generalist
Deen Burbigo,264,2.5782480179273093,0.8606403318106265,0,0.24242424242424243,6,"0,5,2","0.242,0.140,0.076",0.476893939391555,generalist
Hippocampe Fou,264,2.365646023706908,0.7896720426556745,5,0.2803030303030303,4,"5,0,8","0.280,0.246,0.053",0.5409090909063863,generalist
Dabs,264,2.264222706035125,0.7558161074751054,0,0.3371212121212121,2,"0,5,12","0.337,0.223,0.045",0.5810606060577009,moderate
Butter Bullets,262,2.5525052887702633,0.8520471977097257,0,0.26717557251908397,6,"0,5,11","0.267,0.122,0.084",0.4916030534326566,generalist
Elh Kmer,260,2.306669638262719,0.7699852415470353,0,0.3576923076923077,2,"0,5,3","0.358,0.177,0.050",0.5699999999971503,moderate
Stupeflip,257,2.3390176272206578,0.7807832655371975,5,0.2723735408560311,2,"5,0,11","0.272,0.261,0.047",0.5554474708143434,generalist
Mysa,255,2.5134726045709743,0.8390177676288518,5,0.2549019607843137,5,"5,0,15","0.255,0.176,0.078",0.5076470588209911,generalist
Alrima,255,2.0295923357109547,0.6774945657287141,0,0.3686274509803922,2,"0,5,15","0.369,0.290,0.039",0.6492156862712638,moderate
Yaro,254,2.2920098548966568,0.7650916856390267,0,0.3779527559055118,4,"0,5,7","0.378,0.150,0.071",0.5755905511782243,moderate
Barack,254,2.1232686127840115,0.7087644752263088,5,0.33070866141732286,3,"5,0,15","0.331,0.280,0.087",0.6307086614141695,moderate
Scred Connexion,252,2.4475294343422362,0.8170053966266506,5,0.3373015873015873,5,"5,0,11","0.337,0.115,0.067",0.5087301587276151,moderate
Laylow,252,2.372840553993594,0.7920736358655214,0,0.2857142857142857,6,"0,5,19","0.286,0.198,0.091",0.5690476190447737,generalist
Fonky Family,252,2.7214174798181823,0.9084314722789381,0,0.15079365079365079,8,"5,0,2","0.151,0.151,0.075",0.4059523809503515,generalist
Zola,248,2.2294290037241207,0.74420168431114,0,0.3387096774193548,2,"0,5,10","0.339,0.242,0.044",0.5915322580615584,moderate
Alpha Wann,245,2.47517790650332,0.826234683370717,5,0.2163265306122449,4,"5,0,10","0.216,0.212,0.139",0.5177551020382276,generalist
Mafia K’1 Fry,245,2.49091298925249,0.8314871830310097,5,0.22040816326530613,4,"5,2,0","0.220,0.180,0.151",0.524285714283093,generalist
Hugo TSR,243,2.4854169203895995,0.8296525501729906,0,0.23868312757201646,4,"0,5,2","0.239,0.230,0.053",0.4973251028781717,generalist
TLF,242,2.5378004425562817,0.8471385994535349,0,0.26859504132231404,5,"0,5,6","0.269,0.165,0.070",0.4814049586752789,generalist
Kalash,242,2.1910375057162854,0.731386287439146,5,0.359504132231405,3,"5,0,15","0.360,0.223,0.058",0.6198347107407026,moderate
Jeff Le Nerf,238,2.502388913405034,0.8353179406236866,5,0.2647058823529412,4,"5,0,1","0.265,0.197,0.063",0.4915966386530043,generalist
Nahir,238,2.3941136974192094,0.7991747855955598,0,0.31932773109243695,3,"0,5,7","0.319,0.176,0.063",0.5394957983166305,moderate
Fabe,234,2.578308077099049,0.8606603800546803,5,0.26495726495726496,7,"5,0,11","0.265,0.107,0.081",0.4726495726472095,generalist
Landy,233,2.2481011393754544,0.7504345963160509,0,0.3218884120171674,4,"0,5,13","0.322,0.215,0.069",0.6195278969926108,moderate
Saïan Supa Crew,231,2.4070324764340683,0.8034871799736905,5,0.3246753246753247,3,"5,0,19","0.325,0.186,0.056",0.509307359304813,moderate
Youri,231,1.7789384543577087,0.5938242445968854,0,0.5108225108225108,3,"0,5,12","0.511,0.156,0.087",0.750432900429148,specialist
ASHE 22,231,2.2697514249598543,0.7576616391915195,0,0.3463203463203463,4,"0,5,7","0.346,0.199,0.061",0.5967532467502631,moderate
PSO Thug,228,2.3770230918252646,0.7934698012934515,0,0.2982456140350877,6,"0,5,8","0.298,0.175,0.075",0.5710526315760921,generalist
Lorenzo,224,2.1768707106920746,0.7266572950824945,0,0.3169642857142857,3,"0,5,9","0.317,0.277,0.054",0.626339285711154,moderate
Caballero,222,2.5084383373766133,0.8373372879548826,5,0.25675675675675674,6,"5,0,3","0.257,0.149,0.077",0.5171171171145317,generalist
Chilla,221,2.167702123454879,0.723596745473928,5,0.334841628959276,4,"5,0,9","0.335,0.262,0.054",0.627375565607723,moderate
The Shin Sekaï,217,2.4502373861252953,0.8179093331389233,0,0.29493087557603687,3,"0,5,15","0.295,0.175,0.078",0.5195852534536232,generalist
47ter,217,2.177879592398911,0.7269940680697681,5,0.37327188940092165,3,"5,0,10","0.373,0.207,0.055",0.622350230411635,moderate
Jack Uzi,216,2.432032828637364,0.8118325025594222,0,0.2916666666666667,5,"0,5,11","0.292,0.185,0.079",0.5370370370343519,generalist
Zuukou Mayzie,216,1.9847566979752576,0.6625280621691333,0,0.4212962962962963,2,"0,5,12","0.421,0.241,0.042",0.6722222222188611,moderate
Luidji,215,2.267773530975114,0.7570014019593073,0,0.31627906976744186,4,"0,5,19","0.316,0.247,0.051",0.5858139534854433,moderate
Vin’s,214,2.522766560723643,0.8421201664095155,5,0.205607476635514,6,"5,0,1","0.206,0.192,0.098",0.5200934579413251,generalist
F430,213,2.302025881862137,0.7684351175784897,0,0.27230046948356806,6,"0,5,2","0.272,0.207,0.099",0.6129107981190011,generalist
Dandyguel,213,2.41209354581496,0.8051766064373201,5,0.2535211267605634,6,"5,0,15","0.254,0.197,0.117",0.5612676056309968,generalist
Serane,208,1.8743204461413248,0.6256635356529114,5,0.41346153846153844,3,"5,0,12","0.413,0.212,0.135",0.7432692307655144,moderate
​nelick,206,2.224179178242966,0.7424492495133113,5,0.33980582524271846,4,"5,0,15","0.340,0.223,0.068",0.6121359223270364,moderate
PNL,205,2.574867271376599,0.859511810887527,0,0.24390243902439024,6,"0,5,15","0.244,0.127,0.098",0.4807317073146697,generalist
MMZ,204,2.5354212864200827,0.846344417624537,0,0.27450980392156865,6,"0,5,10","0.275,0.118,0.069",0.49754901960535536,generalist
Unité 2 Feu,203,2.4023807846769576,0.80193440711806,0,0.28078817733990147,3,"0,5,15","0.281,0.222,0.069",0.5381773398987867,generalist
Diddi Trix,202,2.0275899230773073,0.6768261439704267,0,0.4603960396039604,3,"0,5,1","0.460,0.153,0.054",0.6643564356402429,moderate
UZI (FRA),201,1.9011081612275047,0.6346054946265685,0,0.35323383084577115,2,"0,5,1","0.353,0.343,0.050",0.6972636815885537,moderate
Manau,200,2.1679949804833614,0.7236945035516668,5,0.445,4,"5,0,3","0.445,0.115,0.060",0.592999999997035,moderate
Guy2Bezbar,199,2.1949440330945333,0.7326903183142459,0,0.4221105527638191,2,"0,5,3","0.422,0.136,0.045",0.5962311557759132,moderate
Grödash,199,2.625262706896795,0.8763342205417813,0,0.21105527638190955,6,"0,5,15","0.211,0.191,0.055",0.4263819095456069,generalist
Kohndo,199,2.3785689165659907,0.7939858102687435,5,0.31155778894472363,5,"5,0,2","0.312,0.196,0.065",0.5479899497460039,moderate
Kamelancien,198,2.4493298708800255,0.8176063971077963,5,0.29292929292929293,4,"5,0,6","0.293,0.182,0.056",0.5186868686842753,generalist
Sat l’Artificier,198,2.6790493993722677,0.8942886595783721,5,0.19696969696969696,6,"5,0,1","0.197,0.152,0.061",0.40404040403838404,generalist
Lycos,197,2.1114230242324608,0.7048103206257385,5,0.4416243654822335,4,"5,0,12","0.442,0.142,0.071",0.6378172588800594,moderate
Gérard Baste,197,2.3333496422545585,0.7788912456740956,0,0.28426395939086296,3,"0,5,2","0.284,0.249,0.056",0.5682741116722857,generalist
Abd Al Malik,196,2.1336316943566542,0.7122237568397317,5,0.39285714285714285,4,"5,0,2","0.393,0.173,0.097",0.6540816326497907,moderate
Werenoi,195,2.0466066945801,0.6831740982488083,0,0.38974358974358975,4,"0,5,2","0.390,0.226,0.067",0.679743589740191,moderate
Octobre Rouge,194,2.5755139314139153,0.8597276713110451,5,0.22164948453608246,6,"5,0,15","0.222,0.160,0.077",0.48195876288418826,generalist
SDM,194,2.293552863725118,0.7656067546397124,0,0.37628865979381443,6,"0,5,7","0.376,0.119,0.077",0.5840206185537812,moderate
USKY,193,2.217293808605657,0.7401508566635587,5,0.3160621761658031,3,"5,0,1","0.316,0.254,0.052",0.6054404145047451,moderate
Manu Key,192,2.5803233783262254,0.861333104131183,2,0.22916666666666666,6,"2,5,9","0.229,0.156,0.073",0.47656249999761724,generalist
Bosh,192,2.260049760059169,0.7544231438872726,0,0.390625,5,"0,5,7","0.391,0.135,0.062",0.5869791666637316,moderate
100 Blaze,191,2.15943281859791,0.7208363836986221,5,0.2931937172774869,4,"5,0,15","0.293,0.272,0.110",0.6499999999967501,generalist
Maj Trafyk,190,2.363921879768418,0.7890965092698274,5,0.3105263157894737,5,"5,0,15","0.311,0.189,0.058",0.5652631578919108,moderate
Fixpen Sill,189,2.305331052318392,0.7695384105814835,5,0.26455026455026454,6,"5,0,7","0.265,0.254,0.069",0.5944444444414724,generalist
Rocca,189,2.748722576980097,0.917546137632368,2,0.14285714285714285,7,"2,5,0","0.143,0.111,0.111",0.3711640211621654,generalist
Taïpan,189,2.58435856243884,0.8626800816792893,5,0.2222222222222222,6,"5,0,8","0.222,0.180,0.074",0.4743386243362528,generalist
Suzuya,187,2.2428241389080465,0.748673090284957,5,0.2887700534759358,5,"5,0,12","0.289,0.193,0.134",0.638235294114456,generalist
Dany Dan,185,2.5450990018490813,0.8495749183987326,5,0.2648648648648649,5,"5,9,0","0.265,0.135,0.081",0.4845945945921717,generalist
Fresh laDouille,185,2.249868505494281,0.7510245576201462,0,0.2810810810810811,5,"0,5,12","0.281,0.270,0.065",0.6089189189158746,generalist
Dibson,185,2.5285157335321897,0.844039287440223,0,0.2594594594594595,4,"0,5,11","0.259,0.168,0.070",0.4878378378353989,generalist
Assassin (FRA),185,2.687797060189113,0.8972087004959364,5,0.17297297297297298,6,"5,3,0","0.173,0.119,0.108",0.43216216216000125,generalist
Lunatic,184,2.532138051377145,0.8452484468423942,0,0.20652173913043478,9,"0,5,11","0.207,0.130,0.092",0.5173913043452391,generalist
Lino,182,2.681890763605165,0.8952371302604757,0,0.17582417582417584,8,"0,5,1","0.176,0.159,0.077",0.4258241758220466,generalist
R.E.D.K.,181,2.5770718576314593,0.8602477198585395,0,0.2430939226519337,6,"0,5,2","0.243,0.144,0.066",0.464917127069499,generalist
Gambino La MG,180,2.1316176191183094,0.7115514420083547,0,0.39444444444444443,3,"0,5,1","0.394,0.189,0.067",0.6505555555523029,moderate
Leck,180,2.5860130941908595,0.8632323779464243,5,0.2111111111111111,3,"5,0,15","0.211,0.206,0.083",0.4549999999977254,generalist
Lady Laistee,178,2.3163537811547887,0.7732178878611137,5,0.3089887640449438,7,"5,0,9","0.309,0.163,0.101",0.6067415730306742,moderate
Jazzy Bazz,177,2.373255128952169,0.7922120243864965,5,0.2711864406779661,5,"5,0,12","0.271,0.158,0.136",0.5844632768332362,generalist
Houari,174,2.1741058024988065,0.7257343460534119,0,0.3103448275862069,3,"0,5,2","0.310,0.287,0.052",0.6160919540199083,moderate
Kool Shen,174,2.26895393570089,0.7573954307369107,5,0.3160919540229885,5,"5,0,15","0.316,0.178,0.086",0.625287356318713,moderate
Zek,173,2.6239904364249576,0.8759095262247795,0,0.2254335260115607,7,"0,5,15","0.225,0.127,0.087",0.46040462427515455,generalist
Abou Tall,173,2.39073323261702,0.7980463587224269,0,0.2658959537572254,4,"0,5,2","0.266,0.225,0.064",0.5459537572227037,generalist
Shurik’n,172,2.481297740386824,0.8282775341079238,5,0.3313953488372093,4,"5,0,1","0.331,0.122,0.064",0.4784883720906308,moderate
Spider ZED,171,2.112824276195766,0.7052780700223302,5,0.3508771929824561,5,"5,0,12","0.351,0.234,0.088",0.6599415204645366,moderate
Blacko (FRA),170,2.253915643546385,0.7523755254912848,5,0.37058823529411766,5,"5,0,6","0.371,0.159,0.059",0.6029411764675737,moderate
OBOY,170,1.7712530554326227,0.5912587954100766,0,0.40588235294117647,2,"0,5,14","0.406,0.335,0.029",0.7223529411728588,moderate
Alibi Montana,169,2.541499915915921,0.8483735139992363,5,0.25443786982248523,5,"5,0,1","0.254,0.166,0.065",0.4795857988141702,generalist
Beendo Z,168,2.2582164552798836,0.7538111717175733,0,0.36904761904761907,5,"0,5,11","0.369,0.137,0.071",0.6107142857112319,moderate
Cookiesan,168,2.2500282480592375,0.7510778809983288,5,0.2619047619047619,6,"5,0,19","0.262,0.244,0.083",0.630357142853991,generalist
Volts Face,168,2.5206772618690536,0.8414227413181502,5,0.19642857142857142,7,"5,0,15","0.196,0.185,0.113",0.5261904761878454,generalist
L’Entourage,167,2.589726442065651,0.8644719239190642,5,0.24550898203592814,4,"5,0,12","0.246,0.156,0.060",0.44700598802171715,generalist
Tiers,167,2.5581361882032003,0.8539268381177307,0,0.24550898203592814,3,"0,5,2","0.246,0.180,0.084",0.46916167664436126,generalist
Chiens de Paille,166,2.5592106213744787,0.8542854927214026,5,0.20481927710843373,5,"5,0,15","0.205,0.145,0.120",0.5006024096360514,generalist
Klub des Loosers,166,2.532284865365716,0.845297454555756,5,0.25301204819277107,5,"5,0,15","0.253,0.151,0.096",0.5054216867444609,generalist
Joe Lucazz,166,2.5146411863841243,0.8394078498212647,5,0.23493975903614459,4,"5,0,15","0.235,0.217,0.078",0.4891566265035782,generalist
Doc Gynéco,165,2.515506243856873,0.8396966130997411,5,0.30303030303030304,4,"5,0,15","0.303,0.139,0.067",0.4790909090885137,moderate
Lala &ce,165,2.0395157883087016,0.6808070955850536,5,0.3393939393939394,3,"5,0,12","0.339,0.303,0.055",0.6615151515118441,moderate
Casseurs Flowters,164,2.476764420800459,0.8267642748536225,5,0.21341463414634146,5,"5,0,15","0.213,0.201,0.098",0.5371951219485339,generalist
Eddy de Pretto,164,1.818097139854368,0.6068957349441197,5,0.4634146341463415,2,"5,0,14","0.463,0.238,0.043",0.7292682926792806,moderate
TTC,164,2.301324017503259,0.7682008294997204,5,0.35365853658536583,2,"5,0,19","0.354,0.195,0.049",0.5603658536557349,moderate
Boostee,164,2.0056499740873046,0.6695024090747266,5,0.4268292682926829,3,"5,0,15","0.427,0.213,0.055",0.6725609756063934,moderate
Faf Larage,162,2.5629415479104956,0.8555309065953168,5,0.2716049382716049,3,"5,0,1","0.272,0.142,0.074",0.4604938271581915,generalist
Suprême NTM,162,2.782265863494637,0.9287431617491947,5,0.12345679012345678,8,"5,3,19","0.123,0.105,0.093",0.3635802469117626,generalist
MRC,161,2.1621742323526014,0.721751490091437,5,0.2732919254658385,4,"5,0,15","0.273,0.267,0.130",0.6531055900588465,generalist
Hocus Pocus,161,2.4581551617155615,0.8205523515622195,5,0.22981366459627328,5,"5,0,2","0.230,0.217,0.068",0.527639751550157,generalist
Gazo,160,1.9038280560001573,0.6355134178067082,0,0.43125,3,"0,5,2","0.431,0.212,0.087",0.7268749999963657,moderate
Tunisiano,160,2.530443785373594,0.8446828869562496,5,0.25625,6,"5,0,1","0.256,0.163,0.069",0.49437499999752815,generalist
Wallen,160,1.782671237791521,0.5950702783185117,5,0.475,2,"5,0,2","0.475,0.237,0.037",0.7374999999963129,moderate
Senamo,159,2.2358098803488096,0.7463316732560863,0,0.2893081761006289,5,"0,5,14","0.289,0.245,0.063",0.6141509433931556,generalist
Fayçal,159,2.504392662365618,0.8359868084588643,5,0.29559748427672955,4,"5,0,4","0.296,0.151,0.063",0.4896226415069857,generalist
2zer,159,2.315765031139021,0.7730213582776909,0,0.29559748427672955,4,"0,5,1","0.296,0.239,0.050",0.5783018867895611,generalist
Zesau,158,2.415284568891459,0.8062417961088636,5,0.2848101265822785,5,"5,0,16","0.285,0.203,0.057",0.5417721518960255,generalist
Nusky,158,2.319808962175559,0.7743712556207336,5,0.3037974683544304,5,"5,0,12","0.304,0.203,0.076",0.5905063291109718,moderate
Souffrance,156,2.5233944268415733,0.8423297532686194,0,0.1858974358974359,10,"0,5,2","0.186,0.141,0.103",0.5096153846128366,generalist
Rochdi,155,2.7154830912444954,0.9064505247069287,0,0.12903225806451613,9,"0,5,2","0.129,0.123,0.103",0.4125806451592272,generalist
KaNoé (BEL),155,2.179483264503648,0.7275293869695556,0,0.3225806451612903,4,"0,5,1","0.323,0.258,0.077",0.6306451612871693,moderate
Nysay,154,2.4446376232619795,0.8160400863731994,5,0.2987012987012987,7,"5,0,7","0.299,0.130,0.071",0.5337662337635649,generalist
1995,154,2.4957319739377306,0.8330957996379682,0,0.2532467532467532,6,"0,5,8","0.253,0.195,0.052",0.4974025974001104,generalist
Pit Baccardi,153,2.670145206732496,0.8913163670546452,0,0.13071895424836602,8,"0,1,5","0.131,0.118,0.118",0.4277777777756386,generalist
Nemir,150,2.111677662250835,0.7048953208844806,0,0.31333333333333335,3,"0,5,2","0.313,0.287,0.080",0.6613333333300271,moderate
Rounhaa,150,1.9126812543491527,0.6384686880179853,5,0.3933333333333333,4,"5,0,9","0.393,0.267,0.073",0.7186666666630734,moderate
Le Rat Luciano,150,2.5416905419536278,0.848437146533889,5,0.2,6,"5,0,6","0.200,0.187,0.093",0.5093333333307868,generalist
L’Skadrille,147,2.587834935045444,0.8638405233640464,5,0.23129251700680273,4,"5,0,15","0.231,0.170,0.075",0.4642857142833931,generalist
Népal,146,2.3542994637616874,0.7858844678962787,0,0.2876712328767123,4,"0,5,4","0.288,0.205,0.062",0.5705479452026269,generalist
Zoxea,145,2.5189778199827537,0.8408554536798981,5,0.25517241379310346,6,"5,0,9","0.255,0.110,0.097",0.5148275862043225,generalist
Darryl Zeuja,145,2.021981063533715,0.6749538606582274,0,0.35172413793103446,3,"0,5,16","0.352,0.297,0.055",0.6748275862035225,moderate
Expression Direkt,144,2.510309912344877,0.8379620350275051,5,0.2569444444444444,5,"5,0,1","0.257,0.167,0.069",0.5041666666641462,generalist
MHD,143,2.159345870508259,0.7208073597132617,0,0.3776223776223776,3,"0,5,15","0.378,0.189,0.077",0.6395104895072918,moderate
Set&Match,143,2.4030203509535095,0.8021478995860613,5,0.26573426573426573,4,"5,0,15","0.266,0.224,0.063",0.546503496500764,generalist
Don Choa,142,2.554470227947985,0.8527031105211168,0,0.22535211267605634,4,"0,5,15","0.225,0.162,0.120",0.49295774647640844,generalist
Limsa d’Aulnay,141,2.422639492463224,0.8086969299126062,0,0.28368794326241137,4,"0,5,2","0.284,0.177,0.092",0.5478723404227926,generalist
Kerchak,141,2.1875681573527306,0.7302281905043224,0,0.3546099290780142,4,"0,5,7","0.355,0.191,0.071",0.6372340425500056,moderate
Ziak,140,2.213177318840993,0.7387767386220356,0,0.35714285714285715,4,"0,5,7","0.357,0.179,0.079",0.6335714285682608,moderate
Odezenne,140,2.5470561937060046,0.8502282450909077,0,0.22142857142857142,4,"0,5,10","0.221,0.207,0.064",0.4835714285690109,generalist
Monsieur R,139,2.629509122418546,0.8777517088665018,5,0.2517985611510791,8,"5,0,2","0.252,0.115,0.065",0.4384892086309012,generalist
PRIME,139,2.357698510974837,0.7870190977305788,0,0.2805755395683453,5,"0,5,11","0.281,0.201,0.094",0.5766187050330884,generalist
Kamini,138,2.4453225176078335,0.8162687097224552,0,0.2536231884057971,5,"0,5,9","0.254,0.174,0.116",0.5420289855045364,generalist
Younès,138,2.3143349426360245,0.7725439830076705,5,0.2971014492753623,6,"5,0,2","0.297,0.203,0.072",0.5971014492723771,generalist
Cabadzi,138,1.9612276041412982,0.6546738576924277,0,0.34782608695652173,3,"0,5,9","0.348,0.326,0.051",0.6746376811560472,moderate
Ali (FRA),137,2.392921476892402,0.7987768126066741,5,0.2773722627737226,5,"5,0,1","0.277,0.190,0.073",0.5624087591212753,generalist
S-Pion,137,2.0985173667512056,0.7005023063231304,0,0.3357664233576642,3,"0,5,14","0.336,0.277,0.051",0.6536496350332281,moderate
Flynt,137,2.4966553204371156,0.8334040202715463,0,0.20437956204379562,5,"5,0,15","0.204,0.204,0.095",0.5259124087564946,generalist
Gambi,136,2.03697304328797,0.679958306444856,0,0.3235294117647059,5,"0,5,11","0.324,0.294,0.059",0.6860294117612757,moderate
Benash,136,2.1619495400466873,0.7216764859570898,0,0.375,5,"0,5,3","0.375,0.169,0.074",0.6419117647026731,moderate
Niaks,135,1.9675851582532045,0.6567960613913463,0,0.35555555555555557,4,"0,5,4","0.356,0.296,0.067",0.6966666666631836,moderate
Siboy,134,2.3170033645738592,0.7734347241334351,0,0.27611940298507465,4,"0,5,15","0.276,0.224,0.097",0.5917910447731606,generalist
Triptik,134,2.6276583809001854,0.8771339161703057,5,0.23880597014925373,5,"5,0,8","0.239,0.157,0.060",0.4268656716396565,generalist
Kodes,134,1.8413345280769366,0.6146525656955543,0,0.5298507462686567,3,"0,5,9","0.530,0.127,0.067",0.7104477611904775,specialist
Kacem Wapalek,133,2.4537797715396104,0.8190918104402453,5,0.24060150375939848,6,"5,0,2","0.241,0.180,0.083",0.5515037593957389,generalist
Rocé (FRA),131,2.6070823302523505,0.8702654617261358,5,0.22137404580152673,6,"5,3,0","0.221,0.122,0.084",0.46679389312743713,generalist
Thabiti,130,2.372249300957146,0.7918762707532689,0,0.3153846153846154,5,"0,5,10","0.315,0.115,0.100",0.579230769227873,moderate
La Canaille,129,2.4207900225636587,0.8080795616931921,5,0.2868217054263566,4,"5,0,2","0.287,0.171,0.085",0.5422480620127926,generalist
Tragédie,129,1.8859829456401414,0.6295565736262216,5,0.5116279069767442,3,"5,0,9","0.512,0.132,0.054",0.7003875968957228,specialist
Le 3ème Œil,127,2.357384513088662,0.7869142826611725,5,0.2204724409448819,7,"5,0,2","0.220,0.181,0.102",0.5980314960600017,generalist
Mafia Trece,126,2.6385280539267297,0.880762302165443,5,0.2619047619047619,6,"5,4,17","0.262,0.095,0.079",0.4230158730137577,generalist
Dika,126,2.271719607666734,0.7583186347195426,0,0.35714285714285715,3,"0,5,4","0.357,0.183,0.056",0.5865079365050039,moderate
Intouchable,126,2.6724668381689933,0.8920913466671402,5,0.1984126984126984,8,"5,0,15","0.198,0.127,0.103",0.4317460317438734,generalist
J9ueve,124,2.17544803309919,0.7261823936350441,0,0.27419354838709675,4,"0,5,12","0.274,0.266,0.113",0.6516129032225484,generalist
Ärsenik (Group),124,2.568004532392078,0.8572209723352623,5,0.18548387096774194,7,"5,0,1","0.185,0.153,0.113",0.5032258064490968,generalist
Doums,122,2.1535663470962514,0.7188781074022229,0,0.36885245901639346,3,"0,5,1","0.369,0.213,0.074",0.6409836065541722,moderate
Stomy Bugsy,122,2.7867478413430153,0.9302392827103182,5,0.19672131147540983,5,"5,10,0","0.197,0.090,0.074",0.3286885245885208,generalist
Mino (FRA),121,2.594414983250333,0.866036997415809,5,0.19834710743801653,6,"5,0,2","0.198,0.149,0.083",0.4789256198323162,generalist
Shtar Academy,120,2.3697404701774683,0.7910388024648557,0,0.3416666666666667,3,"0,5,8","0.342,0.175,0.058",0.5324999999973377,moderate
Bisso Na Bisso,120,2.193941599564482,0.732355697781263,5,0.375,3,"5,0,3","0.375,0.208,0.067",0.6074999999969628,moderate
Beny,120,2.2868607275347026,0.7633728646991816,5,0.2916666666666667,4,"5,0,19","0.292,0.233,0.058",0.5974999999970126,generalist
Panama Bende,118,2.459153437986498,0.8208855843680176,0,0.2711864406779661,6,"0,5,15","0.271,0.153,0.085",0.5203389830482458,generalist
MC Jean Gab’1,118,2.522608917662109,0.8420675438627927,5,0.2033898305084746,7,"5,0,1","0.203,0.186,0.076",0.5101694915228729,generalist
McFly & Carlito,117,1.9448567331810105,0.6492091267133585,5,0.4358974358974359,2,"5,0,9","0.436,0.231,0.043",0.6876068376033998,moderate
Raggasonic,117,2.232015248859746,0.74506499414642,5,0.4017094017094017,3,"5,15,10","0.402,0.103,0.103",0.5961538461508653,moderate
JeanJass,117,2.3084149450091602,0.7705678392517263,5,0.2905982905982906,3,"5,0,11","0.291,0.239,0.051",0.5705128205099679,generalist
Casey (FRA),116,2.261452547132986,0.7548914057163422,5,0.3793103448275862,5,"5,0,11","0.379,0.112,0.069",0.5931034482728967,moderate
Gaël Faye,116,2.500749385956611,0.8347706529161378,0,0.21551724137931033,6,"5,0,9","0.216,0.216,0.078",0.5146551724112196,generalist
Le Juiice,116,1.9416925984186848,0.648152912581589,0,0.31896551724137934,5,"0,5,9","0.319,0.302,0.078",0.7181034482722715,moderate
Tandem,116,2.5730048582807474,0.8588901221230494,5,0.19827586206896552,5,"5,0,7","0.198,0.172,0.095",0.4844827586182673,generalist
Denzo,116,2.1065171222487016,0.7031726903117521,0,0.35344827586206895,3,"0,5,15","0.353,0.241,0.086",0.6568965517208537,moderate
Moha La Squale,116,2.388106033687353,0.7971693781748461,0,0.28448275862068967,5,"0,5,1","0.284,0.190,0.078",0.5672413793075087,generalist
Axiom,115,2.569789646323123,0.8578168580046206,5,0.19130434782608696,8,"5,0,1","0.191,0.174,0.096",0.4839130434758416,generalist
Kemmler,115,2.3068696580422716,0.7700520097897513,5,0.3826086956521739,5,"5,0,9","0.383,0.113,0.078",0.5682608695623762,moderate
X-Men,115,2.4862662043120527,0.8299360481110242,5,0.22608695652173913,8,"5,0,11","0.226,0.209,0.078",0.5221739130408672,generalist
Ideal J,114,2.6418102444114466,0.8818579242654857,0,0.12280701754385964,9,"0,2,5","0.123,0.114,0.096",0.43947368420832866,generalist
Graya,114,2.4257632974492136,0.8097396816343024,0,0.2543859649122807,4,"0,5,6","0.254,0.246,0.053",0.521929824558794,generalist
Worms-T,112,2.5586362722188274,0.8540937702631838,0,0.25892857142857145,6,"0,5,10","0.259,0.143,0.089",0.48214285714044647,generalist
KDD,112,2.723182422816474,0.9090206247255276,0,0.1875,7,"0,5,15","0.188,0.107,0.080",0.3848214285695044,generalist
Ademo,110,2.626610532245252,0.8767841356962014,0,0.18181818181818182,5,"0,11,5","0.182,0.145,0.127",0.44454545454323185,generalist
Sir Samuel,109,2.273008900714071,0.7587490113118432,5,0.3211009174311927,5,"5,0,3","0.321,0.193,0.073",0.6105504587125435,moderate
Kalif Hardcore,109,2.0748918937792356,0.6926159296997808,0,0.4036697247706422,5,"0,5,11","0.404,0.138,0.073",0.6756880733911169,moderate
Tiakola,109,1.8744528966019807,0.6257077487028643,0,0.3944954128440367,4,"0,5,8","0.394,0.284,0.064",0.7215596330239151,moderate
Liza Monet,108,2.1550410783106244,0.719370384775402,0,0.2962962962962963,3,"5,0,4","0.296,0.296,0.056",0.632407407404246,generalist
Cuizinier,108,2.318379921163889,0.7738942300119082,5,0.25925925925925924,6,"5,0,15","0.259,0.185,0.111",0.6120370370339765,generalist
Aketo,107,2.3788811151673035,0.7940900247221073,5,0.29906542056074764,6,"5,0,12","0.299,0.131,0.084",0.569626168221451,generalist
Gringe,107,2.4736359075489194,0.8257199514742745,5,0.24299065420560748,5,"5,0,1","0.243,0.150,0.112",0.5369158878477827,generalist
L’Animalerie,106,2.7281948256023147,0.9106938058806294,5,0.16981132075471697,6,"5,1,0","0.170,0.123,0.113",0.3962264150923587,generalist
Benjamin Epps,106,2.2212576465680884,0.7414740182816459,5,0.2830188679245283,4,"5,0,6","0.283,0.274,0.075",0.6235849056572593,generalist
AM La Scampia,105,1.8736217593308013,0.625430308265841,0,0.4380952380952381,2,"0,5,19","0.438,0.238,0.048",0.7185714285678358,moderate
Luni Sacks,105,2.046268689807902,0.6830612694839744,5,0.3619047619047619,3,"5,0,1","0.362,0.267,0.057",0.6719047619014024,moderate
Tout Simplement Noir,104,2.5674037739871722,0.8570204342530681,5,0.20192307692307693,8,"5,0,19","0.202,0.115,0.106",0.49711538461289895,generalist
Moubarak,103,2.0497665759624386,0.6842288925674574,0,0.34951456310679613,4,"0,5,6","0.350,0.252,0.068",0.6849514563072551,moderate
BFG,102,2.433165398482336,0.8122105636615341,0,0.27450980392156865,5,"0,5,7","0.275,0.206,0.069",0.5352941176443825,generalist
Kroc Blanc,102,1.6939471528694332,0.5654534511723295,5,0.5784313725490197,2,"5,0,4","0.578,0.078,0.049",0.739215686270814,specialist
Lesram,101,2.3649656888531307,0.7894449413022648,0,0.2376237623762376,5,"0,5,1","0.238,0.198,0.149",0.5757425742545469,generalist
Def Bond,100,2.429180390407198,0.8108803352862158,5,0.33,3,"5,0,4","0.330,0.130,0.060",0.5199999999974003,moderate
BraSco (FRA),100,2.258045274393935,0.7537540301340414,5,0.3,3,"5,0,1","0.300,0.210,0.110",0.6159999999969201,moderate
Meryl,100,1.9694058484621815,0.6574038227140285,0,0.37,2,"0,5,12","0.370,0.290,0.050",0.6869999999965651,moderate
Moha K,99,2.1380674567780167,0.7137044507123187,0,0.32323232323232326,5,"0,5,19","0.323,0.242,0.061",0.6510101010068461,moderate
JNR Slice,98,2.1456421827164807,0.7162329563485976,0,0.37755102040816324,5,"0,5,16","0.378,0.173,0.071",0.6448979591804491,moderate
La Brigade,98,2.206852756764991,0.7366655479352594,5,0.3979591836734694,4,"5,0,2","0.398,0.143,0.092",0.6132653061193826,moderate
Féfé,96,2.0898318385605563,0.6976030057857212,5,0.3125,3,"5,0,16","0.312,0.302,0.052",0.6510416666634112,moderate
Heuss L’enfoiré,95,2.1797220577840974,0.7276090981248405,0,0.3894736842105263,5,"0,7,9","0.389,0.105,0.095",0.6363157894705028,moderate
Sianna,95,2.459201208509311,0.8209015305602841,0,0.25263157894736843,7,"0,5,9","0.253,0.189,0.084",0.5352631578920606,generalist
Riski,95,2.4186181111344,0.8073545598469215,5,0.25263157894736843,5,"5,0,15","0.253,0.232,0.063",0.537368421049945,generalist
High Five Crew,95,2.088594947305575,0.6971901213414401,0,0.29473684210526313,4,"0,5,12","0.295,0.284,0.095",0.6763157894703027,generalist
La Cliqua,95,2.659740856189548,0.8878433095205003,5,0.18947368421052632,8,"5,2,18","0.189,0.137,0.084",0.4468421052609235,generalist
Al Peco,93,2.623422230609532,0.8757198544639077,0,0.23655913978494625,7,"0,5,3","0.237,0.108,0.075",0.45645161290094377,generalist
James Delleck,93,2.1355621570828944,0.7128681611288874,5,0.43010752688172044,3,"5,0,1","0.430,0.140,0.054",0.6252688172011746,moderate
OldPee,93,2.142795259668687,0.7152826300884956,0,0.3333333333333333,3,"0,5,19","0.333,0.247,0.065",0.6467741935451534,moderate
Leeroy,92,2.4494700212854124,0.8176531804624452,5,0.25,6,"5,0,9","0.250,0.185,0.087",0.5489130434755164,generalist
Moha MMZ,92,2.3389762742612525,0.780769461580225,0,0.30434782608695654,4,"0,5,15","0.304,0.207,0.065",0.5630434782580543,moderate
Aloïse Sauvage,92,2.0450754203392867,0.6826629463497113,5,0.32608695652173914,4,"5,0,8","0.326,0.272,0.076",0.6869565217356958,moderate
Escobar Macson,92,2.528785984394581,0.8441294993943342,0,0.2391304347826087,10,"0,15,5","0.239,0.087,0.087",0.4934782608670979,generalist
Lord Kossity,91,2.6132914082181973,0.8723381028698922,5,0.1978021978021978,8,"5,0,18","0.198,0.110,0.077",0.45219780219554123,generalist
Le Klub des 7,90,2.0792213759008393,0.694061146336736,5,0.4,3,"5,0,7","0.400,0.200,0.056",0.6599999999967002,moderate
Mokobé,90,2.620263086144771,0.8746653061343891,0,0.23333333333333334,6,"0,5,2","0.233,0.133,0.078",0.4566666666643833,generalist
Fatal Bazooka,90,2.2500807500842077,0.751095406604817,0,0.3111111111111111,4,"0,5,1","0.311,0.211,0.100",0.6188888888857943,moderate
Mo’vez Lang,89,2.661202162567235,0.8883311055731007,5,0.20224719101123595,7,"5,15,6","0.202,0.090,0.079",0.4230337078630535,generalist
Dr Bériz,89,2.207884222506241,0.7370098596584249,5,0.29213483146067415,4,"5,0,6","0.292,0.247,0.067",0.6331460674125645,generalist
Demon One,89,2.5591450166292917,0.8542635933194547,5,0.24719101123595505,7,"5,0,2","0.247,0.112,0.101",0.4915730337054073,generalist
Rimkus,88,2.437462030930512,0.8136448148081089,0,0.23863636363636365,8,"0,5,7","0.239,0.125,0.102",0.5465909090881763,generalist
Princess Aniès,87,2.2618232283764708,0.7550151421552613,5,0.3448275862068966,5,"5,3,0","0.345,0.126,0.092",0.6120689655141813,moderate
Mani Deïz,87,2.3341402396199324,0.7791551535581056,0,0.26436781609195403,6,"0,5,15","0.264,0.184,0.092",0.6005747126406752,generalist
Swagg Man,86,2.048988957701551,0.6839693172149627,0,0.313953488372093,4,"0,5,18","0.314,0.279,0.081",0.6883720930198138,moderate
Joey Starr,83,2.4204986300183857,0.8079822924719585,5,0.3132530120481928,3,"5,0,19","0.313,0.169,0.072",0.5331325301178163,moderate
Six,81,2.4845821243542803,0.8293738884104931,5,0.20987654320987653,6,"5,0,17","0.210,0.185,0.099",0.5290123456763673,generalist
Noyau Dur,81,2.4348894766214686,0.8127860750830161,0,0.2222222222222222,6,"0,5,1","0.222,0.173,0.099",0.5623456790095339,generalist
Kalash l’Afro,79,2.1745422958902463,0.7258800511270238,0,0.3291139240506329,5,"0,5,2","0.329,0.253,0.051",0.6272151898702819,moderate
​​okis,79,2.0401979939086425,0.6810348214088741,5,0.3037974683544304,4,"5,0,12","0.304,0.253,0.127",0.7006329113889023,moderate
Saké (FRA),79,2.4354268448441996,0.8129654530025568,5,0.25316455696202533,7,"5,0,15","0.253,0.190,0.076",0.538607594934016,generalist
Prince Waly,78,2.2432224758546817,0.7488060584243837,0,0.358974358974359,6,"0,5,11","0.359,0.167,0.064",0.6064102564072242,moderate
Beat de Boul,78,2.574673863102015,0.8594472496193885,5,0.19230769230769232,8,"5,2,9","0.192,0.115,0.103",0.48589743589500634,generalist
Patee Gee,78,1.9369303262215143,0.6465632270682301,0,0.34615384615384615,4,"0,5,8","0.346,0.295,0.077",0.7153846153810385,moderate
L’Armée des 12,78,1.965617773215147,0.6561393321317174,5,0.48717948717948717,4,"5,0,16","0.487,0.115,0.064",0.6756410256376474,moderate
Miklo,77,2.09698571480605,0.6999910283432265,0,0.2987012987012987,5,"5,0,9","0.299,0.299,0.052",0.657792207788919,generalist
L.I.O. Petrodollars,76,2.2751699071992393,0.7594703729983483,0,0.2894736842105263,6,"0,5,11","0.289,0.197,0.092",0.618421052628487,generalist
Ixzo,75,2.4268483113668107,0.8101018681778649,0,0.30666666666666664,5,"0,10,5","0.307,0.107,0.107",0.5393333333306366,moderate
L’indis,74,2.205221933289366,0.7361211656852094,5,0.24324324324324326,8,"5,0,4","0.243,0.230,0.095",0.6445945945913715,generalist
Dadoo,73,2.509592772437289,0.8377226478453064,5,0.2054794520547945,5,"5,0,1","0.205,0.192,0.082",0.5034246575317294,generalist
Puzzle (Fra),73,2.4376436152734664,0.8137054291509049,5,0.2876712328767123,6,"5,0,13","0.288,0.164,0.068",0.5321917808192569,generalist
Daddy Lord C,72,2.5428186343207186,0.8488137130171658,0,0.18055555555555555,7,"5,0,15","0.181,0.181,0.097",0.4986111111086179,generalist
Zbig,72,1.9818059179483545,0.6615430675977051,5,0.2916666666666667,4,"5,7,0","0.292,0.194,0.181",0.7194444444408471,generalist
Hache-P,72,2.280203755735331,0.7611507129207539,5,0.3472222222222222,5,"5,0,17","0.347,0.167,0.056",0.5888888888859445,moderate
Sauveur Eloheem,72,2.5155360832075777,0.8397065737197097,5,0.2222222222222222,7,"5,0,15","0.222,0.167,0.097",0.5152777777752016,generalist
Mac Kregor,72,2.1625705273418014,0.7218837766087265,5,0.3888888888888889,8,"5,10,14","0.389,0.083,0.069",0.622222222219111,moderate
Team BS,71,2.2147686811658325,0.7393079484163445,5,0.29577464788732394,6,"5,0,2","0.296,0.183,0.099",0.6429577464756585,generalist
Lemon Haze,70,2.31923802339354,0.7741806715732007,0,0.34285714285714286,7,"0,5,15","0.343,0.129,0.086",0.5842857142827927,moderate
Iron Sy,70,2.1318032338707633,0.711613401734894,5,0.2857142857142857,4,"5,0,1","0.286,0.257,0.114",0.6657142857109576,generalist
OGB,70,2.4690325737288625,0.8241833208946013,5,0.18571428571428572,8,"5,2,15","0.186,0.143,0.114",0.5385714285687354,generalist
Sté Strausz,70,1.7982795603675912,0.600280464393502,5,0.4857142857142857,3,"5,0,4","0.486,0.186,0.071",0.7399999999963,moderate
Soon E MC,69,2.6962170891100903,0.9000193751998504,10,0.13043478260869565,8,"10,5,2","0.130,0.101,0.101",0.4108695652153371,generalist
S.Téban,68,1.8948938550042822,0.6325311082476247,5,0.35294117647058826,2,"5,0,19","0.353,0.309,0.044",0.7176470588199412,moderate
Karlito,67,2.2522583707405692,0.751822314237914,0,0.26865671641791045,6,"0,5,15","0.269,0.149,0.134",0.6335820895490714,generalist
Ma2x,67,1.845721767949683,0.6161170623434946,5,0.44776119402985076,3,"5,0,14","0.448,0.209,0.060",0.7320895522351456,moderate
5 Majeur,66,2.573220782350468,0.8589621993482496,5,0.18181818181818182,8,"5,0,18","0.182,0.121,0.091",0.48787878787634853,generalist
K-Reen,66,2.327812486268197,0.7770428975973189,5,0.3333333333333333,4,"5,0,15","0.333,0.167,0.076",0.572727272724409,moderate
Shone,66,2.2390281643193073,0.7474059628376047,0,0.22727272727272727,4,"0,5,15","0.227,0.212,0.167",0.6363636363604549,generalist
SEB (FRA),65,2.3031638864433246,0.7688149928401189,0,0.26153846153846155,4,"0,5,4","0.262,0.231,0.077",0.5961538461508656,generalist
Pink Tee,65,2.076582251351028,0.6931801849193526,0,0.36923076923076925,5,"0,5,9","0.369,0.169,0.092",0.6853846153811888,moderate
Ekoué,64,2.370247275326511,0.7912079781797607,5,0.296875,6,"5,0,4","0.297,0.156,0.078",0.5703124999971485,generalist
667,64,2.3697227485420984,0.7910328868376395,0,0.28125,6,"0,5,2","0.281,0.125,0.094",0.5812499999970938,generalist
Wacko,63,1.9070017438808389,0.6365728208477271,0,0.31746031746031744,4,"5,0,9","0.317,0.317,0.079",0.727777777774139,moderate
Ministère A.M.E.R.,63,2.8133041187498895,0.939103985888673,3,0.09523809523809523,9,"5,3,18","0.095,0.095,0.079",0.3134920634904964,generalist
Laeti,60,2.285859817925334,0.7630387528634197,0,0.2833333333333333,5,"0,5,9","0.283,0.150,0.100",0.6116666666636085,generalist
Nick Conrad,58,2.1040429664311944,0.7023467968100702,0,0.3275862068965517,6,"0,5,18","0.328,0.207,0.086",0.6793103448241896,moderate
Kooly,58,2.1209657501627084,0.7079957607982431,5,0.3793103448275862,8,"5,0,7","0.379,0.121,0.103",0.6603448275829055,moderate
JP Manova,57,2.110240082809809,0.7044154450779151,5,0.3508771929824561,8,"5,3,0","0.351,0.105,0.105",0.665789473680882,moderate
Démocrates D,56,2.549429138224785,0.8510203534310716,5,0.23214285714285715,7,"5,2,0","0.232,0.125,0.089",0.48214285714044663,generalist
Zifou,54,2.2364588297987567,0.7465482979043153,0,0.2777777777777778,7,"0,5,15","0.278,0.204,0.093",0.631481481478324,generalist
Eklips,54,2.281088651391265,0.7614460983474644,0,0.3148148148148148,7,"0,5,2","0.315,0.130,0.130",0.6092592592562129,moderate
Diamond Deuklo,54,1.9332389130811352,0.6453310030898171,5,0.37037037037037035,4,"5,0,15","0.370,0.241,0.093",0.7240740740704541,moderate
Humphrey,53,1.899206493261623,0.6339707022645575,5,0.4716981132075472,5,"5,0,8","0.472,0.151,0.057",0.7103773584870142,moderate
Moona,53,1.9195055897677382,0.6407467071450047,0,0.37735849056603776,5,"0,5,8","0.377,0.245,0.057",0.7198113207511183,moderate
Blackapar,49,2.017297569766261,0.6733904720307458,5,0.4489795918367347,3,"5,0,15","0.449,0.143,0.061",0.6642857142823929,moderate
Assaf,49,2.3238621060597913,0.7757242282878886,0,0.30612244897959184,6,"0,5,9","0.306,0.122,0.102",0.5908163265276581,moderate
Orties,49,1.9735782566011855,0.6587966067674761,0,0.3877551020408163,4,"0,5,19","0.388,0.184,0.102",0.709183673465842,moderate
Dicidens,49,2.009707982381942,0.6708570055219663,5,0.3469387755102041,5,"5,0,15","0.347,0.224,0.082",0.7010204081597601,moderate
Psykick Lyrikah,49,1.9231745442610682,0.6419714342428563,5,0.40816326530612246,4,"5,0,2","0.408,0.204,0.061",0.7153061224454031,moderate
La Boussole,47,2.0047974127232537,0.6692178170998103,5,0.46808510638297873,5,"5,18,15","0.468,0.064,0.064",0.6585106382945797,moderate
Driks,47,2.0384535687911076,0.680452517999142,0,0.425531914893617,3,"0,5,6","0.426,0.149,0.064",0.664893617017952,moderate
Milk Coffee and Sugar,47,2.210500363515185,0.7378831489813859,0,0.2765957446808511,6,"0,5,16","0.277,0.234,0.064",0.6308510638266329,generalist
Bastard Prod,47,1.9601825027973938,0.6543249942932746,5,0.3191489361702128,5,"5,0,1","0.319,0.191,0.128",0.7265957446772181,moderate
Hös Copperfield,47,2.297435791872902,0.7669029078981534,0,0.2553191489361702,7,"0,5,18","0.255,0.170,0.085",0.6010638297842288,generalist
Vicky R,47,1.904002607993674,0.6355716846935918,0,0.3191489361702128,3,"5,0,18","0.319,0.319,0.064",0.718085106379388,moderate
Missak Portoukalian,47,2.382596112722745,0.7953301213716768,5,0.3404255319148936,5,"5,8,2","0.340,0.085,0.085",0.5372340425505052,moderate
Morsay,46,2.203820776158274,0.735653447944388,0,0.1956521739130435,7,"0,15,7","0.196,0.196,0.152",0.6478260869532828,generalist
Afrojazz,46,2.536156406820872,0.846589806842819,2,0.17391304347826086,8,"5,2,3","0.174,0.174,0.087",0.49347826086709773,generalist
Zinée,46,2.0558611189177602,0.6862633009854338,5,0.34782608695652173,5,"5,0,12","0.348,0.196,0.109",0.6913043478226303,moderate
Bimbim,45,2.136603155374077,0.713215654895394,0,0.3111111111111111,4,"0,5,11","0.311,0.178,0.133",0.6633333333300167,moderate
Bedjik,44,2.5628991570662403,0.85551675618387,5,0.1590909090909091,6,"5,0,17","0.159,0.136,0.114",0.4863636363612044,generalist
Mike Lucazz,43,2.2939921048951124,0.7657533769443395,0,0.27906976744186046,4,"0,5,1","0.279,0.186,0.093",0.6034883720900058,generalist
OFX,43,2.0275443135158877,0.6768109191247947,5,0.27906976744186046,4,"5,0,6","0.279,0.209,0.186",0.7034883720895058,generalist
Dadinho,42,2.1695140662221024,0.7242015868288179,0,0.38095238095238093,6,"0,5,12","0.381,0.095,0.071",0.628571428568286,moderate
Vicelow,41,2.2819198736328685,0.7617235671483119,5,0.2682926829268293,6,"5,0,2","0.268,0.146,0.122",0.6158536585335063,generalist
Dala,41,2.1403198498211378,0.7144563179813016,0,0.2926829268292683,5,"0,5,15","0.293,0.220,0.098",0.6646341463381404,generalist
Eli Mc,40,2.4154997485511354,0.8063136248438864,5,0.25,4,"5,0,7","0.250,0.150,0.100",0.5474999999972625,generalist
Edgar Sekloka,40,2.2587552304573606,0.7539910192901462,5,0.3,4,"5,0,18","0.300,0.200,0.075",0.6074999999969628,moderate
Eye’s Berg,40,1.7875551689966758,0.5967005746064241,5,0.35,4,"5,0,9","0.350,0.275,0.125",0.7674999999961626,moderate
IV My People,39,2.3205708053996665,0.7746255651365849,5,0.28205128205128205,10,"5,0,2","0.282,0.154,0.103",0.5807692307663269,generalist
Explicit Samouraï,39,2.4216853357496175,0.8083784245768558,5,0.20512820512820512,8,"5,8,0","0.205,0.154,0.128",0.5576923076895193,generalist
Makiavel,39,2.261380831687622,0.7548674665125631,0,0.23076923076923078,6,"0,5,15","0.231,0.205,0.128",0.621794871791763,generalist
La Clinique,38,2.3916766751209453,0.7983612875671218,5,0.23684210526315788,10,"5,19,15","0.237,0.158,0.079",0.557894736839316,generalist
Fisto,37,2.30613877476844,0.7698080349591951,5,0.24324324324324326,10,"5,0,2","0.243,0.162,0.135",0.5905405405375876,generalist
JSX,37,1.4872493597698608,0.4964560327700648,0,0.3783783783783784,4,"5,0,3","0.378,0.378,0.081",0.8202702702661693,moderate
Lebeey,37,2.0276931633709587,0.6768606064270898,0,0.35135135135135137,6,"0,5,1","0.351,0.189,0.108",0.6986486486451556,moderate
Les Spécialistes,37,2.1864236480682093,0.7298461439193773,5,0.24324324324324326,8,"5,0,16","0.243,0.216,0.108",0.6499999999967501,generalist
D’ de Kabal,37,2.4861629693914296,0.829901587447922,5,0.24324324324324326,11,"5,3,0","0.243,0.108,0.081",0.4986486486461556,generalist
MLC,37,2.392860675623284,0.7987565166444299,0,0.21621621621621623,9,"0,11,5","0.216,0.162,0.108",0.5662162162133851,generalist
Ménélik,36,2.3359697782795052,0.7797658685661601,5,0.25,8,"5,0,17","0.250,0.167,0.111",0.5888888888859445,generalist
Titan,35,2.361854321381686,0.7884063413249198,0,0.22857142857142856,9,"0,9,6","0.229,0.114,0.114",0.5728571428542786,generalist
Rouda,35,1.8438214307604959,0.6154827142056576,5,0.4,6,"5,13,0","0.400,0.171,0.143",0.7499999999962501,moderate
Piloophaz,35,2.488410312464786,0.8306517689955842,5,0.17142857142857143,8,"5,4,6","0.171,0.143,0.114",0.5214285714259644,generalist
Plune,34,1.5276685904505334,0.5099483034370698,0,0.35294117647058826,5,"5,0,10","0.353,0.353,0.118",0.8176470588194412,moderate
Caribbean Dandee,34,2.409292937535035,0.804241740426546,5,0.2647058823529412,7,"5,3,13","0.265,0.118,0.088",0.5470588235266763,generalist
Sid les 3 éléments,34,2.4251532680973074,0.8095360488339712,0,0.20588235294117646,9,"0,5,15","0.206,0.147,0.118",0.5470588235266766,generalist
Kabal,33,1.98126754522058,0.6613633543661432,5,0.36363636363636365,8,"5,15,0","0.364,0.152,0.091",0.704545454541932,moderate
L’Atelier,33,1.6824672866976622,0.5616213777013074,5,0.48484848484848486,6,"5,0,15","0.485,0.152,0.091",0.780303030299129,moderate
Melaaz,33,2.135237172402687,0.7127596785775338,5,0.3333333333333333,7,"5,18,3","0.333,0.121,0.121",0.6590909090876136,moderate
Ghetto Fabulous Gang,32,2.3390248915334406,0.7807856904243767,0,0.21875,8,"0,14,5","0.219,0.156,0.125",0.5874999999970626,generalist
MC Circulaire,31,2.450742982572099,0.8180781053791089,0,0.16129032258064516,8,"5,0,2","0.161,0.161,0.129",0.5338709677392662,generalist
Syrano,31,1.7321290047102633,0.5781988664345328,5,0.4838709677419355,4,"5,18,15","0.484,0.129,0.097",0.7629032258026371,moderate
Spoke Orkestra,31,2.410489710861261,0.8046412331772136,5,0.1935483870967742,6,"5,11,2","0.194,0.129,0.129",0.5499999999972499,generalist
Kobzx2z,31,1.5694228796415923,0.5238862275832498,5,0.41935483870967744,4,"5,0,15","0.419,0.290,0.097",0.8112903225765888,moderate
B.e.Labeu,30,2.117407409086479,0.7068079573661267,0,0.36666666666666664,7,"0,15,1","0.367,0.100,0.100",0.6499999999967501,moderate
Gravité Zéro,30,2.1541292921653583,0.7190660230828319,5,0.3333333333333333,7,"5,0,15","0.333,0.133,0.100",0.6466666666634335,moderate
Francis Tra$h,29,1.6748542464532026,0.5590800824354831,5,0.3793103448275862,5,"5,0,18","0.379,0.276,0.103",0.791379310340871,moderate
Carré rouge,29,2.3537145486254207,0.7856892184270821,0,0.2413793103448276,8,"0,12,1","0.241,0.138,0.103",0.5706896551695605,generalist
Lapso Laps,29,1.9909491126556174,0.6645951409715436,0,0.3448275862068966,7,"0,5,18","0.345,0.172,0.103",0.7051724137895777,moderate
Ness & Cité,29,2.011379099304117,0.671414838054909,5,0.3448275862068966,6,"5,0,3","0.345,0.207,0.069",0.6948275862034223,moderate
SKS Crew,29,2.297581206248469,0.7669514484092167,5,0.27586206896551724,7,"5,1,9","0.276,0.138,0.103",0.5948275862039226,generalist
Pihpoh,28,2.1834028715426927,0.7288377839426919,5,0.25,7,"5,14,3","0.250,0.143,0.143",0.6464285714253395,generalist
Fuzati,28,2.2647723220859914,0.7559995738201184,5,0.21428571428571427,7,"5,0,15","0.214,0.179,0.143",0.6142857142826429,generalist
Sly Johnson,27,2.0625714314252894,0.6885032583296755,0,0.3333333333333333,4,"0,5,18","0.333,0.222,0.074",0.6685185185151759,moderate
Snifeur baby,27,1.495884232313155,0.49933842403697537,5,0.5555555555555556,4,"5,17,0","0.556,0.111,0.111",0.8129629629588979,specialist
Sysa,26,1.7439968333338594,0.582160444953536,0,0.34615384615384615,4,"0,15,5","0.346,0.231,0.154",0.7769230769191925,moderate
Bakyl,24,2.101910343309722,0.7016349097231303,0,0.2916666666666667,5,"0,5,4","0.292,0.208,0.083",0.6666666666633335,generalist
Zirko (SKS Crew),23,2.2836867756747052,0.7623133735397024,0,0.2608695652173913,6,"0,5,2","0.261,0.130,0.087",0.5934782608665975,generalist
Kayliah,22,2.133038317324171,0.7120256827201845,5,0.3181818181818182,5,"5,0,10","0.318,0.136,0.091",0.6499999999967501,moderate
Tepa,22,2.2635298731432103,0.7555848341740729,5,0.2727272727272727,5,"5,15,11","0.273,0.136,0.091",0.599999999997,generalist
Veazy,21,1.9795624449571372,0.6607941779151982,5,0.2857142857142857,5,"5,0,2","0.286,0.190,0.143",0.7119047619012026,generalist
Fabulous Trobadors,21,1.9633815843099565,0.655392873936861,5,0.38095238095238093,4,"5,0,6","0.381,0.143,0.095",0.7023809523774407,moderate
Bambi Cruz,21,2.1614236358985117,0.721500934839649,5,0.19047619047619047,6,"6,5,13","0.190,0.190,0.143",0.6452380952348687,generalist
Doomams,21,1.8031407112125144,0.6019031564103544,0,0.38095238095238093,3,"0,5,9","0.381,0.238,0.095",0.7499999999962501,moderate
JR O Crom,20,2.2502602786175907,0.7511553347015191,0,0.2,5,"0,12,5","0.200,0.150,0.150",0.6099999999969502,generalist
Kvra,20,2.180945560561596,0.7280175133855431,5,0.2,6,"5,19,1","0.200,0.150,0.150",0.6349999999968252,generalist
10vers,20,1.8726130058604369,0.6250935780849535,5,0.35,3,"5,1,0","0.350,0.200,0.150",0.7349999999963255,moderate
Less’ du Neuf,20,2.1513220799212713,0.7181289526146633,0,0.25,6,"0,5,4","0.250,0.150,0.100",0.6449999999967754,generalist
Sir Doum’s,20,2.082007361865277,0.6949911312986874,5,0.25,4,"5,0,2","0.250,0.200,0.150",0.6749999999966251,generalist
MC Janik,19,1.4658712232324764,0.4893198354783013,5,0.47368421052631576,6,"5,0,11","0.474,0.211,0.105",0.8289473684169077,moderate
Soul Swing,19,1.7398385585424117,0.5807723787274061,0,0.3157894736842105,8,"5,0,19","0.316,0.316,0.105",0.7657894736803817,moderate
2 Bal,19,2.02804676777597,0.6769786424772846,5,0.2631578947368421,9,"5,14,0","0.263,0.158,0.158",0.6921052631544344,generalist
Souleymane Diamanka,17,1.9213363139659512,0.6413578178955797,5,0.29411764705882354,8,"5,0,18","0.294,0.176,0.118",0.7205882352905149,generalist
Teki Latex,17,2.3439329813080194,0.7824240510408801,5,0.23529411764705882,12,"5,9,7","0.235,0.118,0.118",0.544117647056103,generalist
Cut Killer,15,2.176185661560307,0.7264286200644312,10,0.2,10,"10,15,11","0.200,0.200,0.133",0.6233333333302168,generalist
Suikon Blaz AD,15,1.9564632038266851,0.6530834617960144,0,0.2,8,"11,0,8","0.200,0.200,0.200",0.7033333333298165,generalist
Alliance Ethnik,15,1.8762735844302758,0.6263155092308553,0,0.26666666666666666,8,"5,0,10","0.267,0.267,0.133",0.7299999999963501,generalist
Amalek,15,2.1761856615603072,0.7264286200644314,0,0.2,10,"0,2,9","0.200,0.200,0.133",0.6233333333302168,generalist
LeDos,15,1.454867109266288,0.48564657199500155,5,0.4,6,"5,0,9","0.400,0.333,0.067",0.8233333333292169,moderate
Twin Twin,14,1.8662160235859524,0.6229582129420279,0,0.35714285714285715,8,"0,18,5","0.357,0.143,0.143",0.7285714285677857,moderate
Fanny Polly,13,1.7782333057997075,0.5935888602255162,5,0.3076923076923077,7,"5,0,13","0.308,0.231,0.154",0.7576923076885193,moderate
Calbo,13,1.412744636863848,0.4715857452735043,5,0.38461538461538464,5,"5,2,7","0.385,0.308,0.154",0.8346153846112117,moderate
Le (Vrai) Ben,13,2.458311329683084,0.8206044817104645,2,0.15384615384615385,12,"2,19,15","0.154,0.077,0.077",0.4423076923054811,generalist
K-Rhyme Le Roi,13,2.098147389135067,0.7003788047607896,0,0.23076923076923078,9,"0,4,3","0.231,0.154,0.154",0.6499999999967501,generalist
Boyya,13,1.7118451352339121,0.571427944461493,0,0.3076923076923077,7,"5,0,17","0.308,0.308,0.077",0.7653846153807888,moderate
Saliha,13,0.7937300551584247,0.264953601550242,5,0.7692307692307693,4,"5,11,13","0.769,0.077,0.077",0.9038461538416349,specialist
Prodige Namor,13,1.9512595041439562,0.6513464241679637,1,0.23076923076923078,8,"5,1,2","0.231,0.231,0.154",0.7038461538426345,generalist
Young Chang MC,12,1.8200759753606213,0.6075562864639341,0,0.25,7,"5,0,1","0.250,0.250,0.167",0.7416666666629581,generalist
Bouga,12,2.094729047527649,0.6992377342994555,0,0.25,9,"0,5,19","0.250,0.167,0.083",0.6416666666634584,generalist
Millésime K,12,1.5171063970610277,0.5064225566663227,5,0.3333333333333333,5,"5,3,1","0.333,0.250,0.167",0.8083333333292916,moderate
RR (FRA),12,1.7481554572476763,0.5835486277195758,5,0.3333333333333333,7,"5,0,19","0.333,0.250,0.083",0.7583333333295417,moderate
Friz,11,1.1685184057430877,0.3900610265004804,0,0.5454545454545454,4,"0,11,5","0.545,0.182,0.182",0.8681818181774772,specialist
Doudou Masta,11,1.8462202193216335,0.6162834494990995,5,0.2727272727272727,7,"5,2,0","0.273,0.182,0.182",0.731818181814523,generalist
Yanni (FRA),11,1.9722469794234416,0.6583522155281466,11,0.2727272727272727,8,"11,5,10","0.273,0.182,0.091",0.6863636363602046,generalist
Bigflo,11,1.798652206252129,0.6004048566457161,4,0.2727272727272727,7,"4,5,16","0.273,0.273,0.091",0.7409090909053865,generalist
La Swija,11,1.9722469794234416,0.6583522155281466,13,0.2727272727272727,8,"13,0,17","0.273,0.182,0.091",0.6863636363602046,generalist
Vincha,11,1.8937882323911377,0.6321620423524829,0,0.36363636363636365,8,"0,18,15","0.364,0.091,0.091",0.6954545454510681,moderate
Solystik,10,2.0253262207700677,0.6760705015763373,0,0.2,8,"5,0,12","0.200,0.200,0.100",0.6599999999967002,generalist
Bridjahting,10,1.8343719702816235,0.6123284068056636,0,0.3,7,"0,19,15","0.300,0.200,0.100",0.7299999999963501,moderate
Silmarils,10,1.6434177197931799,0.5485863120349901,0,0.3,6,"5,0,19","0.300,0.300,0.100",0.7799999999961001,moderate
Nassi,10,1.2275294114572126,0.40975938413913454,5,0.6,5,"5,6,4","0.600,0.100,0.100",0.84999999999575,specialist
Fuckly,10,1.6094379124341,0.5372435736804816,5,0.4,6,"5,1,4","0.400,0.200,0.100",0.78999999999605,moderate
